x_m,y_m
0.000,0.000
1.429,0.000
2.857,0.000
4.286,0.000
5.714,0.000
7.143,0.000
8.571,0.000
10.000,0.000
11.429,0.000
12.857,0.000
14.286,0.000
15.714,0.000
17.143,0.000
18.571,0.000
20.000,0.000
21.429,0.000
22.857,0.000
24.286,0.000
25.714,0.000
27.143,0.000
28.571,0.000
30.000,0.000
31.429,0.000
32.857,0.000
34.286,0.000
35.714,0.000
37.143,0.000
38.571,0.000
40.000,0.000
41.429,0.000
42.857,0.000
44.286,0.000
45.714,0.000
47.143,0.000
48.571,0.000
50.000,0.000
51.429,0.000
52.857,0.000
54.286,0.000
55.714,0.000
57.143,0.000
58.571,0.000
60.000,0.000
61.429,0.000
62.857,0.000
64.286,0.000
65.714,0.000
67.143,0.000
68.571,0.000
70.000,0.000
70.000,0.000
70.585,0.016
71.169,0.062
71.750,0.140
72.325,0.249
72.894,0.388
73.455,0.557
74.006,0.755
74.545,0.983
75.072,1.239
75.584,1.523
76.081,1.834
76.560,2.170
77.021,2.532
77.461,2.917
77.881,3.326
78.278,3.756
78.652,4.207
79.001,4.677
79.325,5.165
79.622,5.670
79.892,6.190
80.134,6.723
80.348,7.268
80.532,7.824
80.686,8.389
80.810,8.962
80.903,9.540
80.965,10.122
80.996,10.707
80.996,11.293
80.965,11.878
80.903,12.460
80.810,13.038
80.686,13.611
80.532,14.176
80.348,14.732
80.134,15.277
79.892,15.810
79.622,16.330
79.325,16.835
79.001,17.323
78.652,17.793
78.278,18.244
77.881,18.674
77.461,19.083
77.021,19.468
76.560,19.830
76.081,20.166
75.584,20.477
75.072,20.761
74.545,21.017
74.006,21.245
73.455,21.443
72.894,21.612
72.325,21.751
71.750,21.860
71.169,21.938
70.585,21.984
70.000,22.000
70.000,22.000
68.571,22.000
67.143,22.000
65.714,22.000
64.286,22.000
62.857,22.000
61.429,22.000
60.000,22.000
58.571,22.000
57.143,22.000
55.714,22.000
54.286,22.000
52.857,22.000
51.429,22.000
50.000,22.000
48.571,22.000
47.143,22.000
45.714,22.000
44.286,22.000
42.857,22.000
41.429,22.000
40.000,22.000
38.571,22.000
37.143,22.000
35.714,22.000
34.286,22.000
32.857,22.000
31.429,22.000
30.000,22.000
28.571,22.000
27.143,22.000
25.714,22.000
24.286,22.000
22.857,22.000
21.429,22.000
20.000,22.000
18.571,22.000
17.143,22.000
15.714,22.000
14.286,22.000
12.857,22.000
11.429,22.000
10.000,22.000
8.571,22.000
7.143,22.000
5.714,22.000
4.286,22.000
2.857,22.000
1.429,22.000
0.000,22.000
-0.000,4.000
-0.479,4.013
-0.957,4.051
-1.432,4.115
-1.902,4.203
-2.368,4.317
-2.827,4.455
-3.277,4.618
-3.719,4.804
-4.150,5.014
-4.569,5.246
-4.975,5.500
-5.367,5.776
-5.744,6.071
-6.105,6.387
-6.448,6.721
-6.773,7.073
-7.079,7.442
-7.365,7.827
-7.630,8.226
-7.873,8.639
-8.094,9.064
-8.292,9.501
-8.466,9.947
-8.617,10.402
-8.743,10.864
-8.844,11.332
-8.920,11.805
-8.971,12.282
-8.997,12.760
-8.997,13.240
-8.971,13.718
-8.920,14.195
-8.844,14.668
-8.743,15.136
-8.617,15.598
-8.466,16.053
-8.292,16.499
-8.094,16.936
-7.873,17.361
-7.630,17.774
-7.365,18.173
-7.079,18.558
-6.773,18.927
-6.448,19.279
-6.105,19.613
-5.744,19.929
-5.367,20.224
-4.975,20.500
-4.569,20.754
-4.150,20.986
-3.719,21.196
-3.277,21.382
-2.827,21.545
-2.368,21.683
-1.902,21.797
-1.432,21.885
-0.957,21.949
-0.479,21.987
0.000,22.000
0.000,4.000
1.429,4.000
2.857,4.000
4.286,4.000
5.714,4.000
7.143,4.000
8.571,4.000
10.000,4.000
11.429,4.000
12.857,4.000
14.286,4.000
15.714,4.000
17.143,4.000
18.571,4.000
20.000,4.000
21.429,4.000
22.857,4.000
24.286,4.000
25.714,4.000
27.143,4.000
28.571,4.000
30.000,4.000
31.429,4.000
32.857,4.000
34.286,4.000
35.714,4.000
37.143,4.000
38.571,4.000
40.000,4.000
41.429,4.000
42.857,4.000
44.286,4.000
45.714,4.000
47.143,4.000
48.571,4.000
50.000,4.000
51.429,4.000
52.857,4.000
54.286,4.000
55.714,4.000
57.143,4.000
58.571,4.000
60.000,4.000
61.429,4.000
62.857,4.000
64.286,4.000
65.714,4.000
67.143,4.000
68.571,4.000
70.000,4.000
70.000,4.000
70.585,4.016
71.169,4.062
71.750,4.140
72.325,4.249
72.894,4.388
73.455,4.557
74.006,4.755
74.545,4.983
75.072,5.239
75.584,5.523
76.081,5.834
76.560,6.170
77.021,6.532
77.461,6.917
77.881,7.326
78.278,7.756
78.652,8.207
79.001,8.677
79.325,9.165
79.622,9.670
79.892,10.190
80.134,10.723
80.348,11.268
80.532,11.824
80.686,12.389
80.810,12.962
80.903,13.540
80.965,14.122
80.996,14.707
80.996,15.293
80.965,15.878
80.903,16.460
80.810,17.038
80.686,17.611
80.532,18.176
80.348,18.732
80.134,19.277
79.892,19.810
79.622,20.330
79.325,20.835
79.001,21.323
78.652,21.793
78.278,22.244
77.881,22.674
77.461,23.083
77.021,23.468
76.560,23.830
76.081,24.166
75.584,24.477
75.072,24.761
74.545,25.017
74.006,25.245
73.455,25.443
72.894,25.612
72.325,25.751
71.750,25.860
71.169,25.938
70.585,25.984
70.000,26.000
70.000,26.000
68.571,26.000
67.143,26.000
65.714,26.000
64.286,26.000
62.857,26.000
61.429,26.000
60.000,26.000
58.571,26.000
57.143,26.000
55.714,26.000
54.286,26.000
52.857,26.000
51.429,26.000
50.000,26.000
48.571,26.000
47.143,26.000
45.714,26.000
44.286,26.000
42.857,26.000
41.429,26.000
40.000,26.000
38.571,26.000
37.143,26.000
35.714,26.000
34.286,26.000
32.857,26.000
31.429,26.000
30.000,26.000
28.571,26.000
27.143,26.000
25.714,26.000
24.286,26.000
22.857,26.000
21.429,26.000
20.000,26.000
18.571,26.000
17.143,26.000
15.714,26.000
14.286,26.000
12.857,26.000
11.429,26.000
10.000,26.000
8.571,26.000
7.143,26.000
5.714,26.000
4.286,26.000
2.857,26.000
1.429,26.000
0.000,26.000
-0.000,8.000
-0.479,8.013
-0.957,8.051
-1.432,8.115
-1.902,8.203
-2.368,8.317
-2.827,8.455
-3.277,8.618
-3.719,8.804
-4.150,9.014
-4.569,9.246
-4.975,9.500
-5.367,9.776
-5.744,10.071
-6.105,10.387
-6.448,10.721
-6.773,11.073
-7.079,11.442
-7.365,11.827
-7.630,12.226
-7.873,12.639
-8.094,13.064
-8.292,13.501
-8.466,13.947
-8.617,14.402
-8.743,14.864
-8.844,15.332
-8.920,15.805
-8.971,16.282
-8.997,16.760
-8.997,17.240
-8.971,17.718
-8.920,18.195
-8.844,18.668
-8.743,19.136
-8.617,19.598
-8.466,20.053
-8.292,20.499
-8.094,20.936
-7.873,21.361
-7.630,21.774
-7.365,22.173
-7.079,22.558
-6.773,22.927
-6.448,23.279
-6.105,23.613
-5.744,23.929
-5.367,24.224
-4.975,24.500
-4.569,24.754
-4.150,24.986
-3.719,25.196
-3.277,25.382
-2.827,25.545
-2.368,25.683
-1.902,25.797
-1.432,25.885
-0.957,25.949
-0.479,25.987
0.000,26.000
0.000,8.000
1.429,8.000
2.857,8.000
4.286,8.000
5.714,8.000
7.143,8.000
8.571,8.000
10.000,8.000
11.429,8.000
12.857,8.000
14.286,8.000
15.714,8.000
17.143,8.000
18.571,8.000
20.000,8.000
21.429,8.000
22.857,8.000
24.286,8.000
25.714,8.000
27.143,8.000
28.571,8.000
30.000,8.000
31.429,8.000
32.857,8.000
34.286,8.000
35.714,8.000
37.143,8.000
38.571,8.000
40.000,8.000
41.429,8.000
42.857,8.000
44.286,8.000
45.714,8.000
47.143,8.000
48.571,8.000
50.000,8.000
51.429,8.000
52.857,8.000
54.286,8.000
55.714,8.000
57.143,8.000
58.571,8.000
60.000,8.000
61.429,8.000
62.857,8.000
64.286,8.000
65.714,8.000
67.143,8.000
68.571,8.000
70.000,8.000
70.000,8.000
70.585,8.016
71.169,8.062
71.750,8.140
72.325,8.249
72.894,8.388
73.455,8.557
74.006,8.755
74.545,8.983
75.072,9.239
75.584,9.523
76.081,9.834
76.560,10.170
77.021,10.532
77.461,10.917
77.881,11.326
78.278,11.756
78.652,12.207
79.001,12.677
79.325,13.165
79.622,13.670
79.892,14.190
80.134,14.723
80.348,15.268
80.532,15.824
80.686,16.389
80.810,16.962
80.903,17.540
80.965,18.122
80.996,18.707
80.996,19.293
80.965,19.878
80.903,20.460
80.810,21.038
80.686,21.611
80.532,22.176
80.348,22.732
80.134,23.277
79.892,23.810
79.622,24.330
79.325,24.835
79.001,25.323
78.652,25.793
78.278,26.244
77.881,26.674
77.461,27.083
77.021,27.468
76.560,27.830
76.081,28.166
75.584,28.477
75.072,28.761
74.545,29.017
74.006,29.245
73.455,29.443
72.894,29.612
72.325,29.751
71.750,29.860
71.169,29.938
70.585,29.984
70.000,30.000
70.000,30.000
68.571,30.000
67.143,30.000
65.714,30.000
64.286,30.000
62.857,30.000
61.429,30.000
60.000,30.000
58.571,30.000
57.143,30.000
55.714,30.000
54.286,30.000
52.857,30.000
51.429,30.000
50.000,30.000
48.571,30.000
47.143,30.000
45.714,30.000
44.286,30.000
42.857,30.000
41.429,30.000
40.000,30.000
38.571,30.000
37.143,30.000
35.714,30.000
34.286,30.000
32.857,30.000
31.429,30.000
30.000,30.000
28.571,30.000
27.143,30.000
25.714,30.000
24.286,30.000
22.857,30.000
21.429,30.000
20.000,30.000
18.571,30.000
17.143,30.000
15.714,30.000
14.286,30.000
12.857,30.000
11.429,30.000
10.000,30.000
8.571,30.000
7.143,30.000
5.714,30.000
4.286,30.000
2.857,30.000
1.429,30.000
0.000,30.000
-0.000,12.000
-0.479,12.013
-0.957,12.051
-1.432,12.115
-1.902,12.203
-2.368,12.317
-2.827,12.455
-3.277,12.618
-3.719,12.804
-4.150,13.014
-4.569,13.246
-4.975,13.500
-5.367,13.776
-5.744,14.071
-6.105,14.387
-6.448,14.721
-6.773,15.073
-7.079,15.442
-7.365,15.827
-7.630,16.226
-7.873,16.639
-8.094,17.064
-8.292,17.501
-8.466,17.947
-8.617,18.402
-8.743,18.864
-8.844,19.332
-8.920,19.805
-8.971,20.282
-8.997,20.760
-8.997,21.240
-8.971,21.718
-8.920,22.195
-8.844,22.668
-8.743,23.136
-8.617,23.598
-8.466,24.053
-8.292,24.499
-8.094,24.936
-7.873,25.361
-7.630,25.774
-7.365,26.173
-7.079,26.558
-6.773,26.927
-6.448,27.279
-6.105,27.613
-5.744,27.929
-5.367,28.224
-4.975,28.500
-4.569,28.754
-4.150,28.986
-3.719,29.196
-3.277,29.382
-2.827,29.545
-2.368,29.683
-1.902,29.797
-1.432,29.885
-0.957,29.949
-0.479,29.987
0.000,30.000
0.000,12.000
1.429,12.000
2.857,12.000
4.286,12.000
5.714,12.000
7.143,12.000
8.571,12.000
10.000,12.000
11.429,12.000
12.857,12.000
14.286,12.000
15.714,12.000
17.143,12.000
18.571,12.000
20.000,12.000
21.429,12.000
22.857,12.000
24.286,12.000
25.714,12.000
27.143,12.000
28.571,12.000
30.000,12.000
31.429,12.000
32.857,12.000
34.286,12.000
35.714,12.000
37.143,12.000
38.571,12.000
40.000,12.000
41.429,12.000
42.857,12.000
44.286,12.000
45.714,12.000
47.143,12.000
48.571,12.000
50.000,12.000
51.429,12.000
52.857,12.000
54.286,12.000
55.714,12.000
57.143,12.000
58.571,12.000
60.000,12.000
61.429,12.000
62.857,12.000
64.286,12.000
65.714,12.000
67.143,12.000
68.571,12.000
70.000,12.000
70.000,12.000
70.585,12.016
71.169,12.062
71.750,12.140
72.325,12.249
72.894,12.388
73.455,12.557
74.006,12.755
74.545,12.983
75.072,13.239
75.584,13.523
76.081,13.834
76.560,14.170
77.021,14.532
77.461,14.917
77.881,15.326
78.278,15.756
78.652,16.207
79.001,16.677
79.325,17.165
79.622,17.670
79.892,18.190
80.134,18.723
80.348,19.268
80.532,19.824
80.686,20.389
80.810,20.962
80.903,21.540
80.965,22.122
80.996,22.707
80.996,23.293
80.965,23.878
80.903,24.460
80.810,25.038
80.686,25.611
80.532,26.176
80.348,26.732
80.134,27.277
79.892,27.810
79.622,28.330
79.325,28.835
79.001,29.323
78.652,29.793
78.278,30.244
77.881,30.674
77.461,31.083
77.021,31.468
76.560,31.830
76.081,32.166
75.584,32.477
75.072,32.761
74.545,33.017
74.006,33.245
73.455,33.443
72.894,33.612
72.325,33.751
71.750,33.860
71.169,33.938
70.585,33.984
70.000,34.000
70.000,34.000
68.571,34.000
67.143,34.000
65.714,34.000
64.286,34.000
62.857,34.000
61.429,34.000
60.000,34.000
58.571,34.000
57.143,34.000
55.714,34.000
54.286,34.000
52.857,34.000
51.429,34.000
50.000,34.000
48.571,34.000
47.143,34.000
45.714,34.000
44.286,34.000
42.857,34.000
41.429,34.000
40.000,34.000
38.571,34.000
37.143,34.000
35.714,34.000
34.286,34.000
32.857,34.000
31.429,34.000
30.000,34.000
28.571,34.000
27.143,34.000
25.714,34.000
24.286,34.000
22.857,34.000
21.429,34.000
20.000,34.000
18.571,34.000
17.143,34.000
15.714,34.000
14.286,34.000
12.857,34.000
11.429,34.000
10.000,34.000
8.571,34.000
7.143,34.000
5.714,34.000
4.286,34.000
2.857,34.000
1.429,34.000
0.000,34.000
-0.000,16.000
-0.479,16.013
-0.957,16.051
-1.432,16.115
-1.902,16.203
-2.368,16.317
-2.827,16.455
-3.277,16.618
-3.719,16.804
-4.150,17.014
-4.569,17.246
-4.975,17.500
-5.367,17.776
-5.744,18.071
-6.105,18.387
-6.448,18.721
-6.773,19.073
-7.079,19.442
-7.365,19.827
-7.630,20.226
-7.873,20.639
-8.094,21.064
-8.292,21.501
-8.466,21.947
-8.617,22.402
-8.743,22.864
-8.844,23.332
-8.920,23.805
-8.971,24.282
-8.997,24.760
-8.997,25.240
-8.971,25.718
-8.920,26.195
-8.844,26.668
-8.743,27.136
-8.617,27.598
-8.466,28.053
-8.292,28.499
-8.094,28.936
-7.873,29.361
-7.630,29.774
-7.365,30.173
-7.079,30.558
-6.773,30.927
-6.448,31.279
-6.105,31.613
-5.744,31.929
-5.367,32.224
-4.975,32.500
-4.569,32.754
-4.150,32.986
-3.719,33.196
-3.277,33.382
-2.827,33.545
-2.368,33.683
-1.902,33.797
-1.432,33.885
-0.957,33.949
-0.479,33.987
0.000,34.000
0.000,16.000
1.429,16.000
2.857,16.000
4.286,16.000
5.714,16.000
7.143,16.000
8.571,16.000
10.000,16.000
11.429,16.000
12.857,16.000
14.286,16.000
15.714,16.000
17.143,16.000
18.571,16.000
20.000,16.000
21.429,16.000
22.857,16.000
24.286,16.000
25.714,16.000
27.143,16.000
28.571,16.000
30.000,16.000
31.429,16.000
32.857,16.000
34.286,16.000
35.714,16.000
37.143,16.000
38.571,16.000
40.000,16.000
41.429,16.000
42.857,16.000
44.286,16.000
45.714,16.000
47.143,16.000
48.571,16.000
50.000,16.000
51.429,16.000
52.857,16.000
54.286,16.000
55.714,16.000
57.143,16.000
58.571,16.000
60.000,16.000
61.429,16.000
62.857,16.000
64.286,16.000
65.714,16.000
67.143,16.000
68.571,16.000
70.000,16.000
70.000,16.000
70.585,16.016
71.169,16.062
71.750,16.140
72.325,16.249
72.894,16.388
73.455,16.557
74.006,16.755
74.545,16.983
75.072,17.239
75.584,17.523
76.081,17.834
76.560,18.170
77.021,18.532
77.461,18.917
77.881,19.326
78.278,19.756
78.652,20.207
79.001,20.677
79.325,21.165
79.622,21.670
79.892,22.190
80.134,22.723
80.348,23.268
80.532,23.824
80.686,24.389
80.810,24.962
80.903,25.540
80.965,26.122
80.996,26.707
80.996,27.293
80.965,27.878
80.903,28.460
80.810,29.038
80.686,29.611
80.532,30.176
80.348,30.732
80.134,31.277
79.892,31.810
79.622,32.330
79.325,32.835
79.001,33.323
78.652,33.793
78.278,34.244
77.881,34.674
77.461,35.083
77.021,35.468
76.560,35.830
76.081,36.166
75.584,36.477
75.072,36.761
74.545,37.017
74.006,37.245
73.455,37.443
72.894,37.612
72.325,37.751
71.750,37.860
71.169,37.938
70.585,37.984
70.000,38.000
70.000,38.000
68.571,38.000
67.143,38.000
65.714,38.000
64.286,38.000
62.857,38.000
61.429,38.000
60.000,38.000
58.571,38.000
57.143,38.000
55.714,38.000
54.286,38.000
52.857,38.000
51.429,38.000
50.000,38.000
48.571,38.000
47.143,38.000
45.714,38.000
44.286,38.000
42.857,38.000
41.429,38.000
40.000,38.000
38.571,38.000
37.143,38.000
35.714,38.000
34.286,38.000
32.857,38.000
31.429,38.000
30.000,38.000
28.571,38.000
27.143,38.000
25.714,38.000
24.286,38.000
22.857,38.000
21.429,38.000
20.000,38.000
18.571,38.000
17.143,38.000
15.714,38.000
14.286,38.000
12.857,38.000
11.429,38.000
10.000,38.000
8.571,38.000
7.143,38.000
5.714,38.000
4.286,38.000
2.857,38.000
1.429,38.000
0.000,38.000
-0.000,20.000
-0.479,20.013
-0.957,20.051
-1.432,20.115
-1.902,20.203
-2.368,20.317
-2.827,20.455
-3.277,20.618
-3.719,20.804
-4.150,21.014
-4.569,21.246
-4.975,21.500
-5.367,21.776
-5.744,22.071
-6.105,22.387
-6.448,22.721
-6.773,23.073
-7.079,23.442
-7.365,23.827
-7.630,24.226
-7.873,24.639
-8.094,25.064
-8.292,25.501
-8.466,25.947
-8.617,26.402
-8.743,26.864
-8.844,27.332
-8.920,27.805
-8.971,28.282
-8.997,28.760
-8.997,29.240
-8.971,29.718
-8.920,30.195
-8.844,30.668
-8.743,31.136
-8.617,31.598
-8.466,32.053
-8.292,32.499
-8.094,32.936
-7.873,33.361
-7.630,33.774
-7.365,34.173
-7.079,34.558
-6.773,34.927
-6.448,35.279
-6.105,35.613
-5.744,35.929
-5.367,36.224
-4.975,36.500
-4.569,36.754
-4.150,36.986
-3.719,37.196
-3.277,37.382
-2.827,37.545
-2.368,37.683
-1.902,37.797
-1.432,37.885
-0.957,37.949
-0.479,37.987
0.000,38.000
0.000,20.000
1.429,20.000
2.857,20.000
4.286,20.000
5.714,20.000
7.143,20.000
8.571,20.000
10.000,20.000
11.429,20.000
12.857,20.000
14.286,20.000
15.714,20.000
17.143,20.000
18.571,20.000
20.000,20.000
21.429,20.000
22.857,20.000
24.286,20.000
25.714,20.000
27.143,20.000
28.571,20.000
30.000,20.000
31.429,20.000
32.857,20.000
34.286,20.000
35.714,20.000
37.143,20.000
38.571,20.000
40.000,20.000
41.429,20.000
42.857,20.000
44.286,20.000
45.714,20.000
47.143,20.000
48.571,20.000
50.000,20.000
51.429,20.000
52.857,20.000
54.286,20.000
55.714,20.000
57.143,20.000
58.571,20.000
60.000,20.000
61.429,20.000
62.857,20.000
64.286,20.000
65.714,20.000
67.143,20.000
68.571,20.000
70.000,20.000
70.000,20.000
70.479,19.987
70.957,19.949
71.432,19.885
71.902,19.797
72.368,19.683
72.827,19.545
73.277,19.382
73.719,19.196
74.150,18.986
74.569,18.754
74.975,18.500
75.367,18.224
75.744,17.929
76.105,17.613
76.448,17.279
76.773,16.927
77.079,16.558
77.365,16.173
77.630,15.774
77.873,15.361
78.094,14.936
78.292,14.499
78.466,14.053
78.617,13.598
78.743,13.136
78.844,12.668
78.920,12.195
78.971,11.718
78.997,11.240
78.997,10.760
78.971,10.282
78.920,9.805
78.844,9.332
78.743,8.864
78.617,8.402
78.466,7.947
78.292,7.501
78.094,7.064
77.873,6.639
77.630,6.226
77.365,5.827
77.079,5.442
76.773,5.073
76.448,4.721
76.105,4.387
75.744,4.071
75.367,3.776
74.975,3.500
74.569,3.246
74.150,3.014
73.719,2.804
73.277,2.618
72.827,2.455
72.368,2.317
71.902,2.203
71.432,2.115
70.957,2.051
70.479,2.013
70.000,2.000
70.000,2.000
68.571,2.000
67.143,2.000
65.714,2.000
64.286,2.000
62.857,2.000
61.429,2.000
60.000,2.000
58.571,2.000
57.143,2.000
55.714,2.000
54.286,2.000
52.857,2.000
51.429,2.000
50.000,2.000
48.571,2.000
47.143,2.000
45.714,2.000
44.286,2.000
42.857,2.000
41.429,2.000
40.000,2.000
38.571,2.000
37.143,2.000
35.714,2.000
34.286,2.000
32.857,2.000
31.429,2.000
30.000,2.000
28.571,2.000
27.143,2.000
25.714,2.000
24.286,2.000
22.857,2.000
21.429,2.000
20.000,2.000
18.571,2.000
17.143,2.000
15.714,2.000
14.286,2.000
12.857,2.000
11.429,2.000
10.000,2.000
8.571,2.000
7.143,2.000
5.714,2.000
4.286,2.000
2.857,2.000
1.429,2.000
0.000,2.000
0.000,24.000
-0.585,23.984
-1.169,23.938
-1.750,23.860
-2.325,23.751
-2.894,23.612
-3.455,23.443
-4.006,23.245
-4.545,23.017
-5.072,22.761
-5.584,22.477
-6.081,22.166
-6.560,21.830
-7.021,21.468
-7.461,21.083
-7.881,20.674
-8.278,20.244
-8.652,19.793
-9.001,19.323
-9.325,18.835
-9.622,18.330
-9.892,17.810
-10.134,17.277
-10.348,16.732
-10.532,16.176
-10.686,15.611
-10.810,15.038
-10.903,14.460
-10.965,13.878
-10.996,13.293
-10.996,12.707
-10.965,12.122
-10.903,11.540
-10.810,10.962
-10.686,10.389
-10.532,9.824
-10.348,9.268
-10.134,8.723
-9.892,8.190
-9.622,7.670
-9.325,7.165
-9.001,6.677
-8.652,6.207
-8.278,5.756
-7.881,5.326
-7.461,4.917
-7.021,4.532
-6.560,4.170
-6.081,3.834
-5.584,3.523
-5.072,3.239
-4.545,2.983
-4.006,2.755
-3.455,2.557
-2.894,2.388
-2.325,2.249
-1.750,2.140
-1.169,2.062
-0.585,2.016
-0.000,2.000
0.000,24.000
1.429,24.000
2.857,24.000
4.286,24.000
5.714,24.000
7.143,24.000
8.571,24.000
10.000,24.000
11.429,24.000
12.857,24.000
14.286,24.000
15.714,24.000
17.143,24.000
18.571,24.000
20.000,24.000
21.429,24.000
22.857,24.000
24.286,24.000
25.714,24.000
27.143,24.000
28.571,24.000
30.000,24.000
31.429,24.000
32.857,24.000
34.286,24.000
35.714,24.000
37.143,24.000
38.571,24.000
40.000,24.000
41.429,24.000
42.857,24.000
44.286,24.000
45.714,24.000
47.143,24.000
48.571,24.000
50.000,24.000
51.429,24.000
52.857,24.000
54.286,24.000
55.714,24.000
57.143,24.000
58.571,24.000
60.000,24.000
61.429,24.000
62.857,24.000
64.286,24.000
65.714,24.000
67.143,24.000
68.571,24.000
70.000,24.000
70.000,24.000
70.479,23.987
70.957,23.949
71.432,23.885
71.902,23.797
72.368,23.683
72.827,23.545
73.277,23.382
73.719,23.196
74.150,22.986
74.569,22.754
74.975,22.500
75.367,22.224
75.744,21.929
76.105,21.613
76.448,21.279
76.773,20.927
77.079,20.558
77.365,20.173
77.630,19.774
77.873,19.361
78.094,18.936
78.292,18.499
78.466,18.053
78.617,17.598
78.743,17.136
78.844,16.668
78.920,16.195
78.971,15.718
78.997,15.240
78.997,14.760
78.971,14.282
78.920,13.805
78.844,13.332
78.743,12.864
78.617,12.402
78.466,11.947
78.292,11.501
78.094,11.064
77.873,10.639
77.630,10.226
77.365,9.827
77.079,9.442
76.773,9.073
76.448,8.721
76.105,8.387
75.744,8.071
75.367,7.776
74.975,7.500
74.569,7.246
74.150,7.014
73.719,6.804
73.277,6.618
72.827,6.455
72.368,6.317
71.902,6.203
71.432,6.115
70.957,6.051
70.479,6.013
70.000,6.000
70.000,6.000
68.571,6.000
67.143,6.000
65.714,6.000
64.286,6.000
62.857,6.000
61.429,6.000
60.000,6.000
58.571,6.000
57.143,6.000
55.714,6.000
54.286,6.000
52.857,6.000
51.429,6.000
50.000,6.000
48.571,6.000
47.143,6.000
45.714,6.000
44.286,6.000
42.857,6.000
41.429,6.000
40.000,6.000
38.571,6.000
37.143,6.000
35.714,6.000
34.286,6.000
32.857,6.000
31.429,6.000
30.000,6.000
28.571,6.000
27.143,6.000
25.714,6.000
24.286,6.000
22.857,6.000
21.429,6.000
20.000,6.000
18.571,6.000
17.143,6.000
15.714,6.000
14.286,6.000
12.857,6.000
11.429,6.000
10.000,6.000
8.571,6.000
7.143,6.000
5.714,6.000
4.286,6.000
2.857,6.000
1.429,6.000
0.000,6.000
0.000,28.000
-0.585,27.984
-1.169,27.938
-1.750,27.860
-2.325,27.751
-2.894,27.612
-3.455,27.443
-4.006,27.245
-4.545,27.017
-5.072,26.761
-5.584,26.477
-6.081,26.166
-6.560,25.830
-7.021,25.468
-7.461,25.083
-7.881,24.674
-8.278,24.244
-8.652,23.793
-9.001,23.323
-9.325,22.835
-9.622,22.330
-9.892,21.810
-10.134,21.277
-10.348,20.732
-10.532,20.176
-10.686,19.611
-10.810,19.038
-10.903,18.460
-10.965,17.878
-10.996,17.293
-10.996,16.707
-10.965,16.122
-10.903,15.540
-10.810,14.962
-10.686,14.389
-10.532,13.824
-10.348,13.268
-10.134,12.723
-9.892,12.190
-9.622,11.670
-9.325,11.165
-9.001,10.677
-8.652,10.207
-8.278,9.756
-7.881,9.326
-7.461,8.917
-7.021,8.532
-6.560,8.170
-6.081,7.834
-5.584,7.523
-5.072,7.239
-4.545,6.983
-4.006,6.755
-3.455,6.557
-2.894,6.388
-2.325,6.249
-1.750,6.140
-1.169,6.062
-0.585,6.016
-0.000,6.000
0.000,28.000
1.429,28.000
2.857,28.000
4.286,28.000
5.714,28.000
7.143,28.000
8.571,28.000
10.000,28.000
11.429,28.000
12.857,28.000
14.286,28.000
15.714,28.000
17.143,28.000
18.571,28.000
20.000,28.000
21.429,28.000
22.857,28.000
24.286,28.000
25.714,28.000
27.143,28.000
28.571,28.000
30.000,28.000
31.429,28.000
32.857,28.000
34.286,28.000
35.714,28.000
37.143,28.000
38.571,28.000
40.000,28.000
41.429,28.000
42.857,28.000
44.286,28.000
45.714,28.000
47.143,28.000
48.571,28.000
50.000,28.000
51.429,28.000
52.857,28.000
54.286,28.000
55.714,28.000
57.143,28.000
58.571,28.000
60.000,28.000
61.429,28.000
62.857,28.000
64.286,28.000
65.714,28.000
67.143,28.000
68.571,28.000
70.000,28.000
70.000,28.000
70.479,27.987
70.957,27.949
71.432,27.885
71.902,27.797
72.368,27.683
72.827,27.545
73.277,27.382
73.719,27.196
74.150,26.986
74.569,26.754
74.975,26.500
75.367,26.224
75.744,25.929
76.105,25.613
76.448,25.279
76.773,24.927
77.079,24.558
77.365,24.173
77.630,23.774
77.873,23.361
78.094,22.936
78.292,22.499
78.466,22.053
78.617,21.598
78.743,21.136
78.844,20.668
78.920,20.195
78.971,19.718
78.997,19.240
78.997,18.760
78.971,18.282
78.920,17.805
78.844,17.332
78.743,16.864
78.617,16.402
78.466,15.947
78.292,15.501
78.094,15.064
77.873,14.639
77.630,14.226
77.365,13.827
77.079,13.442
76.773,13.073
76.448,12.721
76.105,12.387
75.744,12.071
75.367,11.776
74.975,11.500
74.569,11.246
74.150,11.014
73.719,10.804
73.277,10.618
72.827,10.455
72.368,10.317
71.902,10.203
71.432,10.115
70.957,10.051
70.479,10.013
70.000,10.000
70.000,10.000
68.571,10.000
67.143,10.000
65.714,10.000
64.286,10.000
62.857,10.000
61.429,10.000
60.000,10.000
58.571,10.000
57.143,10.000
55.714,10.000
54.286,10.000
52.857,10.000
51.429,10.000
50.000,10.000
48.571,10.000
47.143,10.000
45.714,10.000
44.286,10.000
42.857,10.000
41.429,10.000
40.000,10.000
38.571,10.000
37.143,10.000
35.714,10.000
34.286,10.000
32.857,10.000
31.429,10.000
30.000,10.000
28.571,10.000
27.143,10.000
25.714,10.000
24.286,10.000
22.857,10.000
21.429,10.000
20.000,10.000
18.571,10.000
17.143,10.000
15.714,10.000
14.286,10.000
12.857,10.000
11.429,10.000
10.000,10.000
8.571,10.000
7.143,10.000
5.714,10.000
4.286,10.000
2.857,10.000
1.429,10.000
0.000,10.000
0.000,32.000
-0.585,31.984
-1.169,31.938
-1.750,31.860
-2.325,31.751
-2.894,31.612
-3.455,31.443
-4.006,31.245
-4.545,31.017
-5.072,30.761
-5.584,30.477
-6.081,30.166
-6.560,29.830
-7.021,29.468
-7.461,29.083
-7.881,28.674
-8.278,28.244
-8.652,27.793
-9.001,27.323
-9.325,26.835
-9.622,26.330
-9.892,25.810
-10.134,25.277
-10.348,24.732
-10.532,24.176
-10.686,23.611
-10.810,23.038
-10.903,22.460
-10.965,21.878
-10.996,21.293
-10.996,20.707
-10.965,20.122
-10.903,19.540
-10.810,18.962
-10.686,18.389
-10.532,17.824
-10.348,17.268
-10.134,16.723
-9.892,16.190
-9.622,15.670
-9.325,15.165
-9.001,14.677
-8.652,14.207
-8.278,13.756
-7.881,13.326
-7.461,12.917
-7.021,12.532
-6.560,12.170
-6.081,11.834
-5.584,11.523
-5.072,11.239
-4.545,10.983
-4.006,10.755
-3.455,10.557
-2.894,10.388
-2.325,10.249
-1.750,10.140
-1.169,10.062
-0.585,10.016
-0.000,10.000
0.000,32.000
1.429,32.000
2.857,32.000
4.286,32.000
5.714,32.000
7.143,32.000
8.571,32.000
10.000,32.000
11.429,32.000
12.857,32.000
14.286,32.000
15.714,32.000
17.143,32.000
18.571,32.000
20.000,32.000
21.429,32.000
22.857,32.000
24.286,32.000
25.714,32.000
27.143,32.000
28.571,32.000
30.000,32.000
31.429,32.000
32.857,32.000
34.286,32.000
35.714,32.000
37.143,32.000
38.571,32.000
40.000,32.000
41.429,32.000
42.857,32.000
44.286,32.000
45.714,32.000
47.143,32.000
48.571,32.000
50.000,32.000
51.429,32.000
52.857,32.000
54.286,32.000
55.714,32.000
57.143,32.000
58.571,32.000
60.000,32.000
61.429,32.000
62.857,32.000
64.286,32.000
65.714,32.000
67.143,32.000
68.571,32.000
70.000,32.000
70.000,32.000
70.479,31.987
70.957,31.949
71.432,31.885
71.902,31.797
72.368,31.683
72.827,31.545
73.277,31.382
73.719,31.196
74.150,30.986
74.569,30.754
74.975,30.500
75.367,30.224
75.744,29.929
76.105,29.613
76.448,29.279
76.773,28.927
77.079,28.558
77.365,28.173
77.630,27.774
77.873,27.361
78.094,26.936
78.292,26.499
78.466,26.053
78.617,25.598
78.743,25.136
78.844,24.668
78.920,24.195
78.971,23.718
78.997,23.240
78.997,22.760
78.971,22.282
78.920,21.805
78.844,21.332
78.743,20.864
78.617,20.402
78.466,19.947
78.292,19.501
78.094,19.064
77.873,18.639
77.630,18.226
77.365,17.827
77.079,17.442
76.773,17.073
76.448,16.721
76.105,16.387
75.744,16.071
75.367,15.776
74.975,15.500
74.569,15.246
74.150,15.014
73.719,14.804
73.277,14.618
72.827,14.455
72.368,14.317
71.902,14.203
71.432,14.115
70.957,14.051
70.479,14.013
70.000,14.000
70.000,14.000
68.571,14.000
67.143,14.000
65.714,14.000
64.286,14.000
62.857,14.000
61.429,14.000
60.000,14.000
58.571,14.000
57.143,14.000
55.714,14.000
54.286,14.000
52.857,14.000
51.429,14.000
50.000,14.000
48.571,14.000
47.143,14.000
45.714,14.000
44.286,14.000
42.857,14.000
41.429,14.000
40.000,14.000
38.571,14.000
37.143,14.000
35.714,14.000
34.286,14.000
32.857,14.000
31.429,14.000
30.000,14.000
28.571,14.000
27.143,14.000
25.714,14.000
24.286,14.000
22.857,14.000
21.429,14.000
20.000,14.000
18.571,14.000
17.143,14.000
15.714,14.000
14.286,14.000
12.857,14.000
11.429,14.000
10.000,14.000
8.571,14.000
7.143,14.000
5.714,14.000
4.286,14.000
2.857,14.000
1.429,14.000
0.000,14.000
0.000,36.000
-0.585,35.984
-1.169,35.938
-1.750,35.860
-2.325,35.751
-2.894,35.612
-3.455,35.443
-4.006,35.245
-4.545,35.017
-5.072,34.761
-5.584,34.477
-6.081,34.166
-6.560,33.830
-7.021,33.468
-7.461,33.083
-7.881,32.674
-8.278,32.244
-8.652,31.793
-9.001,31.323
-9.325,30.835
-9.622,30.330
-9.892,29.810
-10.134,29.277
-10.348,28.732
-10.532,28.176
-10.686,27.611
-10.810,27.038
-10.903,26.460
-10.965,25.878
-10.996,25.293
-10.996,24.707
-10.965,24.122
-10.903,23.540
-10.810,22.962
-10.686,22.389
-10.532,21.824
-10.348,21.268
-10.134,20.723
-9.892,20.190
-9.622,19.670
-9.325,19.165
-9.001,18.677
-8.652,18.207
-8.278,17.756
-7.881,17.326
-7.461,16.917
-7.021,16.532
-6.560,16.170
-6.081,15.834
-5.584,15.523
-5.072,15.239
-4.545,14.983
-4.006,14.755
-3.455,14.557
-2.894,14.388
-2.325,14.249
-1.750,14.140
-1.169,14.062
-0.585,14.016
-0.000,14.000
0.000,36.000
1.429,36.000
2.857,36.000
4.286,36.000
5.714,36.000
7.143,36.000
8.571,36.000
10.000,36.000
11.429,36.000
12.857,36.000
14.286,36.000
15.714,36.000
17.143,36.000
18.571,36.000
20.000,36.000
21.429,36.000
22.857,36.000
24.286,36.000
25.714,36.000
27.143,36.000
28.571,36.000
30.000,36.000
31.429,36.000
32.857,36.000
34.286,36.000
35.714,36.000
37.143,36.000
38.571,36.000
40.000,36.000
41.429,36.000
42.857,36.000
44.286,36.000
45.714,36.000
47.143,36.000
48.571,36.000
50.000,36.000
51.429,36.000
52.857,36.000
54.286,36.000
55.714,36.000
57.143,36.000
58.571,36.000
60.000,36.000
61.429,36.000
62.857,36.000
64.286,36.000
65.714,36.000
67.143,36.000
68.571,36.000
70.000,36.000
70.000,36.000
70.479,35.987
70.957,35.949
71.432,35.885
71.902,35.797
72.368,35.683
72.827,35.545
73.277,35.382
73.719,35.196
74.150,34.986
74.569,34.754
74.975,34.500
75.367,34.224
75.744,33.929
76.105,33.613
76.448,33.279
76.773,32.927
77.079,32.558
77.365,32.173
77.630,31.774
77.873,31.361
78.094,30.936
78.292,30.499
78.466,30.053
78.617,29.598
78.743,29.136
78.844,28.668
78.920,28.195
78.971,27.718
78.997,27.240
78.997,26.760
78.971,26.282
78.920,25.805
78.844,25.332
78.743,24.864
78.617,24.402
78.466,23.947
78.292,23.501
78.094,23.064
77.873,22.639
77.630,22.226
77.365,21.827
77.079,21.442
76.773,21.073
76.448,20.721
76.105,20.387
75.744,20.071
75.367,19.776
74.975,19.500
74.569,19.246
74.150,19.014
73.719,18.804
73.277,18.618
72.827,18.455
72.368,18.317
71.902,18.203
71.432,18.115
70.957,18.051
70.479,18.013
70.000,18.000
70.000,18.000
68.571,18.000
67.143,18.000
65.714,18.000
64.286,18.000
62.857,18.000
61.429,18.000
60.000,18.000
58.571,18.000
57.143,18.000
55.714,18.000
54.286,18.000
52.857,18.000
51.429,18.000
50.000,18.000
48.571,18.000
47.143,18.000
45.714,18.000
44.286,18.000
42.857,18.000
41.429,18.000
40.000,18.000
38.571,18.000
37.143,18.000
35.714,18.000
34.286,18.000
32.857,18.000
31.429,18.000
30.000,18.000
28.571,18.000
27.143,18.000
25.714,18.000
24.286,18.000
22.857,18.000
21.429,18.000
20.000,18.000
18.571,18.000
17.143,18.000
15.714,18.000
14.286,18.000
12.857,18.000
11.429,18.000
10.000,18.000
8.571,18.000
7.143,18.000
5.714,18.000
4.286,18.000
2.857,18.000
1.429,18.000
0.000,18.000
