latitude,longitude,altitude
30.8635559,75.8582732,0.0
30.86355848463525,75.85827687563255,0.0
30.863561069270496,75.85828055126511,0.0
30.863563653905743,75.85828422689767,0.0
30.86356623854099,75.85828790253022,0.0
30.863568823176237,75.85829157816278,0.0
30.863571407811484,75.85829525379533,0.0
30.86357399244673,75.85829892942789,0.0
30.863577593536345,75.85829920623048,0.0
30.86358127238964,75.85829922300613,0.0
30.863584951242935,75.85829923978177,0.0
30.86358863009623,75.85829925655742,0.0
30.863592308949528,75.85829927333306,0.0
30.863595987802825,75.8582992901087,0.0
30.863599666656118,75.85829930688435,0.0
30.863603345509414,75.85829932365999,0.0
30.86360702436271,75.85829934043564,0.0
30.863610703216004,75.85829935721128,0.0
30.8636143820693,75.85829937398692,0.0
30.863618060922597,75.85829939076257,0.0
30.863621739775894,75.85829940753821,0.0
30.863625418629187,75.85829942431386,0.0
30.863629097482484,75.8582994410895,0.0
30.86363277633578,75.85829945786514,0.0
30.863636455189077,75.85829947464079,0.0
30.86364013404237,75.85829949141643,0.0
30.863643812895667,75.85829950819208,0.0
30.863647491748964,75.85829952496772,0.0
30.863651170602257,75.85829954174336,0.0
30.863654849455553,75.85829955851901,0.0
30.86365852830885,75.85829957529465,0.0
30.863662207162147,75.8582995920703,0.0
30.86366588601544,75.85829960884594,0.0
30.863669564868736,75.85829962562158,0.0
30.863673243722033,75.85829964239723,0.0
30.863676922575326,75.85829965917287,0.0
30.863680601428623,75.85829967594852,0.0
30.86368428028192,75.85829969272416,0.0
30.863687959135216,75.8582997094998,0.0
30.86369163798851,75.85829972627545,0.0
30.863695316841806,75.85829974305109,0.0
30.863698995695103,75.85829975982672,0.0
30.8637026745484,75.85829977660237,0.0
30.863706353401692,75.85829979337801,0.0
30.86371003225499,75.85829981015365,0.0
30.863713711108286,75.8582998269293,0.0
30.86371738996158,75.85829984370494,0.0
30.863721068814876,75.85829986048059,0.0
30.863724747668172,75.85829987725623,0.0
30.86372842652147,75.85829989403187,0.0
30.863732105374762,75.85829991080752,0.0
30.86373578422806,75.85829992758316,0.0
30.863739463081355,75.8582999443588,0.0
30.86374314193465,75.85829996113445,0.0
30.863746820787945,75.8582999779101,0.0
30.86375049964124,75.85829999468574,0.0
30.86375417849454,75.85830001146138,0.0
30.86375785734783,75.85830002823703,0.0
30.863761536201128,75.85830004501267,0.0
30.863765215054425,75.85830006178831,0.0
30.863768893907718,75.85830007856396,0.0
30.863772572761015,75.8583000953396,0.0
30.86377625161431,75.85830011211524,0.0
30.863779930467608,75.85830012889089,0.0
30.8637836093209,75.85830014566653,0.0
30.863787288174198,75.85830016244218,0.0
30.863790967027494,75.85830017921782,0.0
30.86379464588079,75.85830019599346,0.0
30.863798324734084,75.85830021276911,0.0
30.86380200358738,75.85830022954475,0.0
30.863805682440677,75.8583002463204,0.0
30.86380936129397,75.85830026309604,0.0
30.863813040147267,75.85830027987168,0.0
30.863816719000564,75.85830029664733,0.0
30.86382039785386,75.85830031342297,0.0
30.863824075696446,75.85830038761084,0.0
30.863827693523,75.85830126309104,0.0
30.86383111324681,75.85830313239957,0.0
30.863834199140324,75.85830592105972,0.0
30.863836828722196,75.85830951820095,0.0
30.8638388975943,75.85831378094385,0.0
30.863840323565576,75.85831854004628,0.0
30.863841049900525,75.85832360658891,0.0
30.863841047564513,75.85832877943685,0.0
30.863840308711147,75.8583338499385,0.0
30.863838869937716,75.85833861507345,0.0
30.86383678962438,75.85834288588578,0.0
30.86383415049358,75.85834649288995,0.0
30.863831057388445,75.85834929291084,0.0
30.863827633129077,75.8583511747383,0.0
30.863824013660366,75.85835206352168,0.0
30.863820335992514,75.85835212775595,0.0
30.863816657139218,75.8583521109803,0.0
30.863812978285925,75.85835209420466,0.0
30.863809299432628,75.85835207742902,0.0
30.86380562057933,75.85835206065337,0.0
30.863801941726035,75.85835204387773,0.0
30.86379826287274,75.85835202710209,0.0
30.863794584019445,75.85835201032644,0.0
30.863790905166148,75.8583519935508,0.0
30.863787226312855,75.85835197677515,0.0
30.86378354745956,75.85835195999951,0.0
30.86377986860626,75.85835194322388,0.0
30.863776189752965,75.85835192644824,0.0
30.863772510899672,75.85835190967259,0.0
30.863768832046375,75.85835189289695,0.0
30.86376515319308,75.8583518761213,0.0
30.863761474339782,75.85835185934566,0.0
30.86375779548649,75.85835184257002,0.0
30.863754116633192,75.85835182579437,0.0
30.863750437779895,75.85835180901873,0.0
30.863746758926602,75.85835179224308,0.0
30.863743080073306,75.85835177546744,0.0
30.86373940122001,75.8583517586918,0.0
30.863735722366712,75.85835174191615,0.0
30.86373204351342,75.85835172514051,0.0
30.863728364660123,75.85835170836486,0.0
30.863724685806826,75.85835169158922,0.0
30.863721006953533,75.85835167481358,0.0
30.863717328100236,75.85835165803793,0.0
30.86371364924694,75.85835164126229,0.0
30.863709970393643,75.85835162448664,0.0
30.86370629154035,75.858351607711,0.0
30.863702612687053,75.85835159093536,0.0
30.863698933833756,75.85835157415971,0.0
30.863695254980463,75.85835155738407,0.0
30.863691576127167,75.85835154060842,0.0
30.86368789727387,75.85835152383278,0.0
30.863684218420573,75.85835150705714,0.0
30.86368053956728,75.85835149028149,0.0
30.863676860713984,75.85835147350585,0.0
30.863673181860687,75.8583514567302,0.0
30.86366950300739,75.85835143995456,0.0
30.863665824154097,75.85835142317892,0.0
30.8636621453008,75.85835140640327,0.0
30.863658466447504,75.85835138962763,0.0
30.86365478759421,75.85835137285198,0.0
30.863651108740914,75.85835135607635,0.0
30.863647429887617,75.85835133930071,0.0
30.86364375103432,75.85835132252507,0.0
30.863640072181028,75.85835130574942,0.0
30.86363639332773,75.85835128897378,0.0
30.863632714474434,75.85835127219814,0.0
30.86362903562114,75.85835125542249,0.0
30.863625356767844,75.85835123864685,0.0
30.863621677914548,75.8583512218712,0.0
30.86361799906125,75.85835120509556,0.0
30.863614320207958,75.85835118831992,0.0
30.86361064135466,75.85835117154427,0.0
30.863606962501365,75.85835115476863,0.0
30.863603283648068,75.85835113799298,0.0
30.863599604794775,75.85835112121734,0.0
30.86359592594148,75.8583511044417,0.0
30.86359224708818,75.85835108766605,0.0
30.86358856823489,75.85835107089041,0.0
30.863584889381592,75.85835105411476,0.0
30.863581210528295,75.85835103733912,0.0
30.863577531675,75.85835102056348,0.0
30.863573852848507,75.85835100771713,0.0
30.863570198361117,75.85835153648996,0.0
30.86356668920552,75.85835307543259,0.0
30.863563464683654,75.85835556322162,0.0
30.863560652803987,75.85835890096601,0.0
30.86355836522537,75.85836295611759,0.0
30.863556692845567,75.85836756770807,0.0
30.863555702208057,75.85837255270651,0.0
30.86355543540624,75.85837771314439,0.0
30.863555907156396,75.85838284085901,0.0
30.863557092028614,75.85838773078596,0.0
30.86355894279829,75.8583921888318,0.0
30.86356138587868,75.85839603804226,0.0
30.863564324231408,75.85839912559102,0.0
30.863567641201104,75.85840132881665,0.0
30.86357120512338,75.85840256007076,0.0
30.8635748748856,75.85840282306354,0.0
30.863578553738893,75.85840283983919,0.0
30.86358223259219,75.85840285661483,0.0
30.863585911445487,75.85840287339047,0.0
30.863589590298783,75.85840289016612,0.0
30.863593269152076,75.85840290694176,0.0
30.863596948005373,75.8584029237174,0.0
30.86360062685867,75.85840294049305,0.0
30.863604305711963,75.8584029572687,0.0
30.86360798456526,75.85840297404434,0.0
30.863611663418556,75.85840299081998,0.0
30.863615342271853,75.85840300759561,0.0
30.863619021125146,75.85840302437126,0.0
30.863622699978443,75.8584030411469,0.0
30.86362637883174,75.85840305792254,0.0
30.863630057685032,75.85840307469819,0.0
30.86363373653833,75.85840309147383,0.0
30.863637415391626,75.85840310824948,0.0
30.863641094244922,75.85840312502512,0.0
30.863644773098216,75.85840314180076,0.0
30.863648451951512,75.85840315857641,0.0
30.86365213080481,75.85840317535205,0.0
30.863655809658106,75.8584031921277,0.0
30.8636594885114,75.85840320890334,0.0
30.863663167364695,75.85840322567898,0.0
30.863666846217992,75.85840324245463,0.0
30.863670525071285,75.85840325923027,0.0
30.86367420392458,75.85840327600592,0.0
30.86367788277788,75.85840329278156,0.0
30.863681561631175,75.8584033095572,0.0
30.863685240484468,75.85840332633285,0.0
30.863688919337765,75.85840334310849,0.0
30.86369259819106,75.85840335988414,0.0
30.863696277044355,75.85840337665978,0.0
30.86369995589765,75.85840339343542,0.0
30.863703634750948,75.85840341021107,0.0
30.863707313604245,75.85840342698671,0.0
30.863710992457538,75.85840344376236,0.0
30.863714671310834,75.858403460538,0.0
30.86371835016413,75.85840347731364,0.0
30.863722029017424,75.85840349408929,0.0
30.86372570787072,75.85840351086493,0.0
30.863729386724017,75.85840352764058,0.0
30.863733065577314,75.85840354441622,0.0
30.863736744430607,75.85840356119186,0.0
30.863740423283904,75.8584035779675,0.0
30.8637441021372,75.85840359474314,0.0
30.863747780990497,75.85840361151878,0.0
30.86375145984379,75.85840362829443,0.0
30.863755138697087,75.85840364507007,0.0
30.863758817550384,75.85840366184571,0.0
30.863762496403677,75.85840367862136,0.0
30.863766175256973,75.858403695397,0.0
30.86376985411027,75.85840371217265,0.0
30.863773532963567,75.85840372894829,0.0
30.86377721181686,75.85840374572393,0.0
30.863780890670157,75.85840376249958,0.0
30.863784569523453,75.85840377927522,0.0
30.863788248376746,75.85840379605087,0.0
30.863791927230043,75.85840381282651,0.0
30.86379560608334,75.85840382960215,0.0
30.863799284936636,75.8584038463778,0.0
30.86380296378993,75.85840386315344,0.0
30.863806642643226,75.85840387992909,0.0
30.863810321496523,75.85840389670473,0.0
30.863814000349816,75.85840391348037,0.0
30.863817679203112,75.85840393025602,0.0
30.86382135805641,75.85840394703166,0.0
30.86382502594591,75.85840424042517,0.0
30.86382858311685,75.85840550704316,0.0
30.863831888663917,75.8584077431844,0.0
30.863834811344017,75.85841085998653,0.0
30.863837235079814,75.85841473370921,0.0
30.863839063546386,75.85841921062205,0.0
30.863840223979576,75.85842411307495,0.0
30.86384066392475,75.85842924676139,0.0
30.863840368741176,75.85843440367081,0.0
30.863839353244956,75.85843937814465,0.0
30.863837657908483,75.85844397270553,0.0
30.863835350121917,75.8584480049506,0.0
30.86383252152833,75.85845131475641,0.0
30.863829284403007,75.85845377060521,0.0
30.863825767219254,75.85845527478396,0.0
30.863822109560246,75.8584557650736,0.0
30.86381843070695,75.85845574829796,0.0
30.863814751853653,75.85845573152233,0.0
30.86381107300036,75.85845571474668,0.0
30.863807394147063,75.85845569797104,0.0
30.863803715293766,75.8584556811954,0.0
30.863800036440473,75.85845566441975,0.0
30.863796357587177,75.8584556476441,0.0
30.86379267873388,75.85845563086846,0.0
30.863788999880583,75.85845561409282,0.0
30.86378532102729,75.85845559731717,0.0
30.863781642173993,75.85845558054153,0.0
30.863777963320697,75.85845556376589,0.0
30.863774284467404,75.85845554699024,0.0
30.863770605614107,75.8584555302146,0.0
30.86376692676081,75.85845551343895,0.0
30.863763247907514,75.85845549666331,0.0
30.86375956905422,75.85845547988767,0.0
30.863755890200924,75.85845546311202,0.0
30.863752211347627,75.85845544633638,0.0
30.863748532494334,75.85845542956073,0.0
30.863744853641037,75.85845541278509,0.0
30.86374117478774,75.85845539600945,0.0
30.863737495934444,75.8584553792338,0.0
30.86373381708115,75.85845536245816,0.0
30.863730138227854,75.85845534568251,0.0
30.863726459374558,75.85845532890687,0.0
30.86372278052126,75.85845531213123,0.0
30.863719101667968,75.85845529535558,0.0
30.86371542281467,75.85845527857994,0.0
30.863711743961375,75.8584552618043,0.0
30.86370806510808,75.85845524502865,0.0
30.863704386254785,75.858455228253,0.0
30.863700707401488,75.85845521147736,0.0
30.86369702854819,75.85845519470172,0.0
30.8636933496949,75.85845517792607,0.0
30.8636896708416,75.85845516115043,0.0
30.863685991988305,75.8584551443748,0.0
30.863682313135012,75.85845512759916,0.0
30.863678634281715,75.85845511082351,0.0
30.86367495542842,75.85845509404787,0.0
30.863671276575122,75.85845507727223,0.0
30.86366759772183,75.85845506049658,0.0
30.863663918868532,75.85845504372094,0.0
30.863660240015236,75.8584550269453,0.0
30.863656561161942,75.85845501016965,0.0
30.863652882308646,75.858454993394,0.0
30.86364920345535,75.85845497661836,0.0
30.863645524602052,75.85845495984272,0.0
30.86364184574876,75.85845494306707,0.0
30.863638166895463,75.85845492629143,0.0
30.863634488042166,75.85845490951579,0.0
30.86363080918887,75.85845489274014,0.0
30.863627130335576,75.8584548759645,0.0
30.86362345148228,75.85845485918885,0.0
30.863619772628983,75.85845484241321,0.0
30.86361609377569,75.85845482563757,0.0
30.863612414922393,75.85845480886192,0.0
30.863608736069096,75.85845479208628,0.0
30.8636050572158,75.85845477531063,0.0
30.863601378362507,75.85845475853499,0.0
30.86359769950921,75.85845474175935,0.0
30.863594020655913,75.8584547249837,0.0
30.86359034180262,75.85845470820806,0.0
30.863586662949324,75.85845469143241,0.0
30.863582984096027,75.85845467465677,0.0
30.86357930524273,75.85845465788113,0.0
30.863575626389437,75.85845464110548,0.0
30.86357194926327,75.85845472363793,0.0
30.863568334597083,75.85845564835981,0.0
30.86356491993249,75.8584575641482,0.0
30.86356184086051,75.85846039489988,0.0
30.863559219683683,75.85846402827133,0.0
30.863557160582957,75.85846832011494,0.0
30.863555746129705,75.85847310043675,0.0
30.863555040563007,75.85847818014096,0.0
30.86355506419899,75.85848335193452,0.0
30.86355581589969,75.85848841045046,0.0
30.863557265694944,75.85849315484995,0.0
30.863559355970576,75.85849739675591,0.0
30.863562003746136,75.85850096769471,0.0
30.863565103952485,75.85850372575332,0.0
30.863568533580388,75.85850556118984,0.0
30.863572157008324,75.85850639137996,0.0
30.86357583508815,75.85850645667223,0.0
30.863579513941445,75.85850647344787,0.0
30.86358319279474,75.85850649022352,0.0
30.863586871648035,75.85850650699916,0.0
30.863590550501332,75.8585065237748,0.0
30.86359422935463,75.85850654055045,0.0
30.86359790820792,75.8585065573261,0.0
30.86360158706122,75.85850657410174,0.0
30.863605265914515,75.85850659087738,0.0
30.86360894476781,75.85850660765303,0.0
30.863612623621105,75.85850662442867,0.0
30.8636163024744,75.85850664120431,0.0
30.863619981327698,75.85850665797996,0.0
30.86362366018099,75.8585066747556,0.0
30.863627339034288,75.85850669153125,0.0
30.863631017887585,75.85850670830689,0.0
30.86363469674088,75.85850672508253,0.0
30.863638375594174,75.85850674185818,0.0
30.86364205444747,75.85850675863382,0.0
30.863645733300768,75.85850677540947,0.0
30.86364941215406,75.85850679218511,0.0
30.863653091007357,75.85850680896074,0.0
30.863656769860654,75.85850682573638,0.0
30.86366044871395,75.85850684251203,0.0
30.863664127567244,75.85850685928767,0.0
30.86366780642054,75.85850687606332,0.0
30.863671485273837,75.85850689283896,0.0
30.86367516412713,75.8585069096146,0.0
30.863678842980427,75.85850692639025,0.0
30.863682521833724,75.85850694316589,0.0
30.86368620068702,75.85850695994154,0.0
30.863689879540313,75.85850697671718,0.0
30.86369355839361,75.85850699349282,0.0
30.863697237246907,75.85850701026847,0.0
30.863700916100203,75.85850702704411,0.0
30.863704594953496,75.85850704381976,0.0
30.863708273806793,75.8585070605954,0.0
30.86371195266009,75.85850707737104,0.0
30.863715631513383,75.85850709414669,0.0
30.86371931036668,75.85850711092233,0.0
30.863722989219976,75.85850712769798,0.0
30.863726668073273,75.85850714447362,0.0
30.863730346926566,75.85850716124926,0.0
30.863734025779863,75.85850717802491,0.0
30.86373770463316,75.85850719480055,0.0
30.863741383486452,75.8585072115762,0.0
30.86374506233975,75.85850722835184,0.0
30.863748741193046,75.85850724512748,0.0
30.863752420046342,75.85850726190313,0.0
30.863756098899636,75.85850727867877,0.0
30.863759777752932,75.85850729545442,0.0
30.86376345660623,75.85850731223006,0.0
30.863767135459526,75.8585073290057,0.0
30.86377081431282,75.85850734578135,0.0
30.863774493166115,75.85850736255699,0.0
30.863778172019412,75.85850737933264,0.0
30.863781850872705,75.85850739610827,0.0
30.863785529726,75.85850741288391,0.0
30.8637892085793,75.85850742965955,0.0
30.863792887432595,75.8585074464352,0.0
30.863796566285888,75.85850746321084,0.0
30.863800245139185,75.85850747998649,0.0
30.86380392399248,75.85850749676213,0.0
30.863807602845775,75.85850751353777,0.0
30.86381128169907,75.85850753031342,0.0
30.863814960552368,75.85850754708906,0.0
30.863818639405665,75.8585075638647,0.0
30.86382231797346,75.8585075985485,0.0
30.86382595950226,75.85850824367031,0.0
30.863829435373543,75.85850989396411,0.0
30.863832607554986,75.85851248390975,0.0
30.86383535003399,75.85851591076597,0.0
30.863837553797808,75.85852003862587,0.0
30.863839127142146,75.85852470583168,0.0
30.86384000598755,75.85852972411425,0.0
30.863840159807012,75.85853489062278,0.0
30.863839582661175,75.85854000018524,0.0
30.863838297559685,75.85854484991897,0.0
30.863836355548976,75.85854924724559,0.0
30.863833833695,75.85855301749942,0.0
30.8638308320402,75.85855601082982,0.0
30.863827469279418,75.85855810650236,0.0
30.863823878685665,75.85855921136444,0.0
30.86382020427468,75.85855938561562,0.0
30.863816525421385,75.85855936883998,0.0
30.86381284656809,75.85855935206433,0.0
30.863809167714795,75.85855933528869,0.0
30.863805488861498,75.85855931851304,0.0
30.863801810008205,75.8585593017374,0.0
30.86379813115491,75.85855928496176,0.0
30.86379445230161,75.85855926818611,0.0
30.863790773448315,75.85855925141047,0.0
30.863787094595022,75.85855923463482,0.0
30.863783415741725,75.85855921785918,0.0
30.86377973688843,75.85855920108354,0.0
30.863776058035135,75.8585591843079,0.0
30.86377237918184,75.85855916753225,0.0
30.863768700328542,75.8585591507566,0.0
30.863765021475245,75.85855913398096,0.0
30.863761342621952,75.85855911720532,0.0
30.863757663768656,75.85855910042967,0.0
30.86375398491536,75.85855908365403,0.0
30.863750306062062,75.85855906687839,0.0
30.86374662720877,75.85855905010274,0.0
30.863742948355473,75.8585590333271,0.0
30.863739269502176,75.85855901655145,0.0
30.863735590648883,75.85855899977581,0.0
30.863731911795586,75.85855898300017,0.0
30.86372823294229,75.85855896622452,0.0
30.863724554088993,75.85855894944888,0.0
30.8637208752357,75.85855893267325,0.0
30.863717196382403,75.8585589158976,0.0
30.863713517529106,75.85855889912196,0.0
30.863709838675813,75.85855888234632,0.0
30.863706159822517,75.85855886557067,0.0
30.86370248096922,75.85855884879503,0.0
30.863698802115923,75.85855883201938,0.0
30.86369512326263,75.85855881524374,0.0
30.863691444409334,75.8585587984681,0.0
30.863687765556037,75.85855878169245,0.0
30.86368408670274,75.85855876491681,0.0
30.863680407849447,75.85855874814116,0.0
30.86367672899615,75.85855873136552,0.0
30.863673050142854,75.85855871458988,0.0
30.86366937128956,75.85855869781423,0.0
30.863665692436264,75.85855868103859,0.0
30.863662013582967,75.85855866426294,0.0
30.86365833472967,75.8585586474873,0.0
30.863654655876378,75.85855863071166,0.0
30.86365097702308,75.85855861393601,0.0
30.863647298169784,75.85855859716037,0.0
30.86364361931649,75.85855858038472,0.0
30.863639940463194,75.85855856360908,0.0
30.863636261609898,75.85855854683344,0.0
30.8636325827566,75.85855853005779,0.0
30.863628903903308,75.85855851328215,0.0
30.86362522505001,75.8585584965065,0.0
30.863621546196715,75.85855847973086,0.0
30.86361786734342,75.85855846295522,0.0
30.863614188490125,75.85855844617957,0.0
30.86361050963683,75.85855842940393,0.0
30.86360683078353,75.85855841262828,0.0
30.86360315193024,75.85855839585264,0.0
30.863599473076942,75.858558379077,0.0
30.863595794223645,75.85855836230135,0.0
30.86359211537035,75.85855834552572,0.0
30.863588436517055,75.85855832875008,0.0
30.86358475766376,75.85855831197443,0.0
30.863581078810462,75.85855829519879,0.0
30.86357739995717,75.85855827842315,0.0
30.863573721103872,75.8585582616475,0.0
30.86357005434343,75.85855859120922,0.0
30.863566500485593,75.8585599064279,0.0
30.863563200143652,75.85856218791739,0.0
30.86356028442662,75.8585653452281,0.0
30.863557869234814,75.85856925320162,0.0
30.86355605783366,75.8585737614155,0.0
30.86355491773424,75.85857868313516,0.0
30.86355449300915,75.85858382184205,0.0
30.863554800386694,75.85858897345564,0.0
30.86355582759933,75.85859393341032,0.0
30.86355753387044,75.85859850473726,0.0
30.863559851524858,75.85860250584673,0.0
30.863562688659876,75.85860577770454,0.0
30.863565934604654,75.85860818385157,0.0
30.86356945793479,75.85860962772942,0.0
30.863573116437404,75.85861007350528,0.0
30.863576795290697,75.85861009028092,0.0
30.863580474143994,75.85861010705656,0.0
30.86358415299729,75.85861012383221,0.0
30.863587831850587,75.85861014060785,0.0
30.86359151070388,75.8586101573835,0.0
30.863595189557177,75.85861017415914,0.0
30.863598868410474,75.85861019093478,0.0
30.863602547263767,75.85861020771043,0.0
30.863606226117064,75.85861022448607,0.0
30.86360990497036,75.85861024126172,0.0
30.863613583823657,75.85861025803736,0.0
30.86361726267695,75.858610274813,0.0
30.863620941530247,75.85861029158865,0.0
30.863624620383543,75.85861030836429,0.0
30.86362829923684,75.85861032513994,0.0
30.863631978090133,75.85861034191558,0.0
30.86363565694343,75.85861035869122,0.0
30.863639335796726,75.85861037546687,0.0
30.86364301465002,75.85861039224251,0.0
30.863646693503316,75.85861040901815,0.0
30.863650372356613,75.8586104257938,0.0
30.86365405120991,75.85861044256944,0.0
30.863657730063203,75.85861045934509,0.0
30.8636614089165,75.85861047612073,0.0
30.863665087769796,75.85861049289637,0.0
30.86366876662309,75.85861050967202,0.0
30.863672445476386,75.85861052644766,0.0
30.863676124329682,75.8586105432233,0.0
30.86367980318298,75.85861055999895,0.0
30.863683482036272,75.8586105767746,0.0
30.86368716088957,75.85861059355024,0.0
30.863690839742866,75.85861061032588,0.0
30.86369451859616,75.85861062710151,0.0
30.863698197449455,75.85861064387716,0.0
30.863701876302752,75.8586106606528,0.0
30.86370555515605,75.85861067742844,0.0
30.86370923400934,75.85861069420409,0.0
30.86371291286264,75.85861071097973,0.0
30.863716591715935,75.85861072775538,0.0
30.86372027056923,75.85861074453102,0.0
30.863723949422525,75.85861076130666,0.0
30.86372762827582,75.85861077808231,0.0
30.863731307129118,75.85861079485795,0.0
30.86373498598241,75.8586108116336,0.0
30.863738664835708,75.85861082840924,0.0
30.863742343689005,75.85861084518488,0.0
30.8637460225423,75.85861086196053,0.0
30.863749701395594,75.85861087873617,0.0
30.86375338024889,75.85861089551182,0.0
30.863757059102188,75.85861091228746,0.0
30.86376073795548,75.8586109290631,0.0
30.863764416808777,75.85861094583875,0.0
30.863768095662074,75.85861096261439,0.0
30.86377177451537,75.85861097939004,0.0
30.863775453368664,75.85861099616568,0.0
30.86377913222196,75.85861101294132,0.0
30.863782811075257,75.85861102971697,0.0
30.86378648992855,75.85861104649261,0.0
30.863790168781847,75.85861106326826,0.0
30.863793847635144,75.8586110800439,0.0
30.86379752648844,75.85861109681954,0.0
30.863801205341733,75.85861111359519,0.0
30.86380488419503,75.85861113037083,0.0
30.863808563048327,75.85861114714648,0.0
30.863812241901623,75.85861116392212,0.0
30.863815920754917,75.85861118069776,0.0
30.863819599608213,75.85861119747341,0.0
30.863823274206748,75.85861135541322,0.0
30.863826868545274,75.85861239523031,0.0
30.86383024292324,75.85861441962165,0.0
30.863833263285528,75.85861734839078,0.0
30.86383580770091,75.8586210675773,0.0
30.86383777026389,75.85862543105313,0.0
30.863839077635667,75.85863025819434,0.0
30.863839678073646,75.85863535722314,0.0
30.863839547840833,75.85864052563018,0.0
30.863838692140003,75.85864555817649,0.0
30.86383714490709,75.85865025500209,0.0
30.863834967471927,75.85865442952286,0.0
30.863832246138976,75.85865791580464,0.0
30.863829085185873,75.85866056444542,0.0
30.863825616271054,75.85866227764043,0.0
30.863821977606804,75.85866298839231,0.0
30.863818298989116,75.85866300615763,0.0
30.863814620135823,75.85866298938198,0.0
30.863810941282527,75.85866297260634,0.0
30.86380726242923,75.8586629558307,0.0
30.863803583575933,75.85866293905505,0.0
30.86379990472264,75.85866292227941,0.0
30.863796225869343,75.85866290550376,0.0
30.863792547016047,75.85866288872812,0.0
30.863788868162754,75.85866287195248,0.0
30.863785189309457,75.85866285517683,0.0
30.86378151045616,75.85866283840119,0.0
30.863777831602864,75.85866282162554,0.0
30.86377415274957,75.8586628048499,0.0
30.863770473896274,75.85866278807426,0.0
30.863766795042977,75.85866277129861,0.0
30.863763116189684,75.85866275452297,0.0
30.863759437336387,75.85866273774732,0.0
30.86375575848309,75.8586627209717,0.0
30.863752079629794,75.85866270419605,0.0
30.8637484007765,75.8586626874204,0.0
30.863744721923204,75.85866267064476,0.0
30.863741043069908,75.85866265386912,0.0
30.863737364216615,75.85866263709347,0.0
30.863733685363318,75.85866262031783,0.0
30.86373000651002,75.85866260354219,0.0
30.863726327656725,75.85866258676654,0.0
30.86372264880343,75.8586625699909,0.0
30.863718969950135,75.85866255321525,0.0
30.863715291096838,75.85866253643961,0.0
30.86371161224354,75.85866251966397,0.0
30.86370793339025,75.85866250288832,0.0
30.86370425453695,75.85866248611268,0.0
30.863700575683655,75.85866246933703,0.0
30.863696896830362,75.85866245256139,0.0
30.863693217977065,75.85866243578575,0.0
30.86368953912377,75.8586624190101,0.0
30.863685860270472,75.85866240223446,0.0
30.86368218141718,75.85866238545881,0.0
30.863678502563882,75.85866236868317,0.0
30.863674823710586,75.85866235190753,0.0
30.863671144857292,75.85866233513188,0.0
30.863667466003996,75.85866231835624,0.0
30.8636637871507,75.8586623015806,0.0
30.863660108297402,75.85866228480495,0.0
30.86365642944411,75.8586622680293,0.0
30.863652750590813,75.85866225125366,0.0
30.863649071737516,75.85866223447802,0.0
30.863645392884223,75.85866221770237,0.0
30.863641714030926,75.85866220092673,0.0
30.86363803517763,75.85866218415109,0.0
30.863634356324333,75.85866216737544,0.0
30.86363067747104,75.8586621505998,0.0
30.863626998617743,75.85866213382417,0.0
30.863623319764447,75.85866211704852,0.0
30.86361964091115,75.85866210027288,0.0
30.863615962057857,75.85866208349724,0.0
30.86361228320456,75.85866206672159,0.0
30.863608604351263,75.85866204994595,0.0
30.86360492549797,75.8586620331703,0.0
30.863601246644674,75.85866201639466,0.0
30.863597567791377,75.85866199961902,0.0
30.86359388893808,75.85866198284337,0.0
30.863590210084787,75.85866196606773,0.0
30.86358653123149,75.85866194929208,0.0
30.863582852378194,75.85866193251644,0.0
30.8635791735249,75.8586619157408,0.0
30.863575494671604,75.85866189896515,0.0
30.86357181603584,75.85866191408022,0.0
30.863568176001678,75.85866260907697,0.0
30.86356470360295,75.85866430718582,0.0
30.86356153678594,75.85866694121303,0.0
30.863558805824685,75.85867041254724,0.0
30.86355661918407,75.85867457794126,0.0
30.8635550616711,75.85867926829233,0.0
30.863554194994745,75.85868429725512,0.0
30.863554053495733,75.85868946510185,0.0
30.863554642792362,75.85869456661416,0.0
30.86355593955855,75.85869939919115,0.0
30.863557892442852,75.85870377085452,0.0
30.863560426005577,75.8587075047031,0.0
30.863563440156653,75.85871044675211,0.0
30.863566810236627,75.85871248584259,0.0
30.863570402348895,75.85871354123594,0.0
30.863574076639953,75.85871370711398,0.0
30.86357775549325,75.85871372388962,0.0
30.863581434346546,75.85871374066527,0.0
30.86358511319984,75.85871375744091,0.0
30.863588792053136,75.85871377421655,0.0
30.863592470906433,75.8587137909922,0.0
30.863596149759726,75.85871380776784,0.0
30.863599828613022,75.85871382454349,0.0
30.86360350746632,75.85871384131913,0.0
30.863607186319616,75.85871385809476,0.0
30.86361086517291,75.8587138748704,0.0
30.863614544026206,75.85871389164605,0.0
30.863618222879502,75.85871390842169,0.0
30.863621901732795,75.85871392519734,0.0
30.863625580586092,75.85871394197298,0.0
30.86362925943939,75.85871395874862,0.0
30.863632938292685,75.85871397552427,0.0
30.86363661714598,75.85871399229991,0.0
30.863640295999275,75.85871400907556,0.0
30.86364397485257,75.8587140258512,0.0
30.863647653705865,75.85871404262684,0.0
30.86365133255916,75.85871405940249,0.0
30.863655011412458,75.85871407617813,0.0
30.863658690265755,75.85871409295378,0.0
30.863662369119048,75.85871410972942,0.0
30.863666047972345,75.85871412650506,0.0
30.86366972682564,75.85871414328071,0.0
30.863673405678938,75.85871416005635,0.0
30.86367708453223,75.858714176832,0.0
30.863680763385528,75.85871419360764,0.0
30.863684442238824,75.85871421038328,0.0
30.863688121092117,75.85871422715893,0.0
30.863691799945414,75.85871424393457,0.0
30.86369547879871,75.85871426071022,0.0
30.863699157652007,75.85871427748586,0.0
30.8637028365053,75.8587142942615,0.0
30.863706515358597,75.85871431103715,0.0
30.863710194211894,75.85871432781279,0.0
30.863713873065187,75.85871434458844,0.0
30.863717551918484,75.85871436136408,0.0
30.86372123077178,75.85871437813972,0.0
30.863724909625077,75.85871439491537,0.0
30.86372858847837,75.85871441169101,0.0
30.863732267331667,75.85871442846666,0.0
30.863735946184963,75.85871444524228,0.0
30.863739625038257,75.85871446201793,0.0
30.863743303891553,75.85871447879357,0.0
30.86374698274485,75.85871449556922,0.0
30.863750661598147,75.85871451234486,0.0
30.86375434045144,75.8587145291205,0.0
30.863758019304736,75.85871454589615,0.0
30.863761698158033,75.85871456267179,0.0
30.86376537701133,75.85871457944744,0.0
30.863769055864623,75.85871459622308,0.0
30.86377273471792,75.85871461299872,0.0
30.863776413571216,75.85871462977437,0.0
30.86378009242451,75.85871464655001,0.0
30.863783771277806,75.85871466332566,0.0
30.863787450131102,75.8587146801013,0.0
30.8637911289844,75.85871469687694,0.0
30.863794807837692,75.85871471365259,0.0
30.86379848669099,75.85871473042823,0.0
30.863802165544286,75.85871474720388,0.0
30.86380584439758,75.85871476397952,0.0
30.863809523250875,75.85871478075516,0.0
30.863813202104172,75.85871479753081,0.0
30.86381688095747,75.85871481430645,0.0
30.863820559810762,75.8587148310821,0.0
30.863824219126062,75.85871526366522,0.0
30.863827745386015,75.85871669219651,0.0
30.863830998361017,75.85871907962675,0.0
30.863833842859496,75.85872233942695,0.0
30.86383616937367,75.85872633067628,0.0
30.863837885674062,75.85873089470421,0.0
30.86383892371562,75.85873585019019,0.0
30.86383924232233,75.85874100033021,0.0
30.863838828812494,75.858746140613,0.0
30.863837699500795,75.85875106689994,0.0
30.86383589905734,75.85875558349088,0.0
30.86383349424027,75.85875950423741,0.0
30.86383058520849,75.85876267430446,0.0
30.863827289693052,75.85876497012265,0.0
30.86382373862496,75.85876630071395,0.0
30.863820072556848,75.85876664347528,0.0
30.863816393703555,75.85876662669963,0.0
30.86381271485026,75.85876660992399,0.0
30.86380903599696,75.85876659314835,0.0
30.863805357143665,75.8587665763727,0.0
30.863801678290372,75.85876655959706,0.0
30.863797999437075,75.85876654282141,0.0
30.86379432058378,75.85876652604577,0.0
30.863790641730485,75.85876650927014,0.0
30.86378696287719,75.8587664924945,0.0
30.863783284023892,75.85876647571885,0.0
30.863779605170595,75.85876645894321,0.0
30.863775926317302,75.85876644216756,0.0
30.863772247464006,75.85876642539192,0.0
30.86376856861071,75.85876640861628,0.0
30.863764889757412,75.85876639184063,0.0
30.86376121090412,75.85876637506499,0.0
30.863757532050823,75.85876635828934,0.0
30.863753853197526,75.8587663415137,0.0
30.863750174344233,75.85876632473806,0.0
30.863746495490936,75.85876630796241,0.0
30.86374281663764,75.85876629118677,0.0
30.863739137784343,75.85876627441112,0.0
30.86373545893105,75.85876625763548,0.0
30.863731780077753,75.85876624085984,0.0
30.863728101224456,75.85876622408419,0.0
30.863724422371163,75.85876620730855,0.0
30.863720743517867,75.8587661905329,0.0
30.86371706466457,75.85876617375726,0.0
30.863713385811273,75.85876615698162,0.0
30.86370970695798,75.85876614020597,0.0
30.863706028104684,75.85876612343033,0.0
30.863702349251387,75.85876610665468,0.0
30.863698670398094,75.85876608987904,0.0
30.863694991544797,75.8587660731034,0.0
30.8636913126915,75.85876605632775,0.0
30.863687633838204,75.85876603955211,0.0
30.86368395498491,75.85876602277646,0.0
30.863680276131614,75.85876600600082,0.0
30.863676597278317,75.85876598922518,0.0
30.86367291842502,75.85876597244953,0.0
30.863669239571728,75.85876595567389,0.0
30.86366556071843,75.85876593889824,0.0
30.863661881865134,75.85876592212261,0.0
30.86365820301184,75.85876590534697,0.0
30.863654524158544,75.85876588857133,0.0
30.863650845305248,75.85876587179568,0.0
30.86364716645195,75.85876585502004,0.0
30.863643487598658,75.8587658382444,0.0
30.86363980874536,75.85876582146875,0.0
30.863636129892065,75.8587658046931,0.0
30.86363245103877,75.85876578791746,0.0
30.863628772185475,75.85876577114182,0.0
30.86362509333218,75.85876575436617,0.0
30.86362141447888,75.85876573759053,0.0
30.86361773562559,75.85876572081489,0.0
30.863614056772292,75.85876570403924,0.0
30.863610377918995,75.8587656872636,0.0
30.863606699065702,75.85876567048795,0.0
30.863603020212405,75.85876565371231,0.0
30.86359934135911,75.85876563693667,0.0
30.863595662505812,75.85876562016102,0.0
30.86359198365252,75.85876560338538,0.0
30.863588304799222,75.85876558660974,0.0
30.863584625945926,75.85876556983409,0.0
30.86358094709263,75.85876555305845,0.0
30.863577268239336,75.8587655362828,0.0
30.86357358938604,75.85876551950716,0.0
30.863569914739987,75.85876568581764,0.0
30.863566322062123,75.85876677508381,0.0
30.863562953311945,75.85876885139203,0.0
30.86355994497189,75.8587718319661,0.0
30.86355741482047,75.85877559150646,0.0
30.863555463206158,75.85877998055761,0.0
30.86355416754909,75.85878482475907,0.0
30.863553579285018,75.85878993173651,0.0
30.86355372183364,75.8587950987026,0.0
30.863554589671292,75.85880012046842,0.0
30.8635561494463,75.85880479678768,0.0
30.863558344350363,75.85880893450772,0.0
30.863561079465907,75.85881237342154,0.0
30.86356424605176,75.85881497717754,0.0
30.86356771830169,75.85881664252511,0.0
30.863571358316953,75.8588173033889,0.0
30.8635750368425,75.85881734072267,0.0
30.863578715695798,75.85881735749831,0.0
30.863582394549095,75.85881737427395,0.0
30.86358607340239,75.8588173910496,0.0
30.863589752255685,75.85881740782524,0.0
30.86359343110898,75.85881742460089,0.0
30.863597109962278,75.85881744137653,0.0
30.863600788815575,75.85881745815217,0.0
30.863604467668868,75.85881747492782,0.0
30.863608146522164,75.85881749170346,0.0
30.86361182537546,75.8588175084791,0.0
30.863615504228754,75.85881752525475,0.0
30.86361918308205,75.8588175420304,0.0
30.863622861935347,75.85881755880604,0.0
30.863626540788644,75.85881757558168,0.0
30.863630219641937,75.85881759235733,0.0
30.863633898495234,75.85881760913297,0.0
30.86363757734853,75.85881762590861,0.0
30.863641256201824,75.85881764268426,0.0
30.86364493505512,75.8588176594599,0.0
30.863648613908417,75.85881767623553,0.0
30.863652292761714,75.85881769301118,0.0
30.863655971615007,75.85881770978682,0.0
30.863659650468303,75.85881772656246,0.0
30.8636633293216,75.85881774333811,0.0
30.863667008174893,75.85881776011375,0.0
30.86367068702819,75.8588177768894,0.0
30.863674365881486,75.85881779366504,0.0
30.863678044734783,75.85881781044068,0.0
30.863681723588076,75.85881782721633,0.0
30.863685402441373,75.85881784399197,0.0
30.86368908129467,75.85881786076762,0.0
30.863692760147966,75.85881787754326,0.0
30.86369643900126,75.8588178943189,0.0
30.863700117854556,75.85881791109455,0.0
30.863703796707853,75.85881792787019,0.0
30.863707475561146,75.85881794464584,0.0
30.863711154414442,75.85881796142148,0.0
30.86371483326774,75.85881797819712,0.0
30.863718512121036,75.85881799497277,0.0
30.86372219097433,75.85881801174841,0.0
30.863725869827626,75.85881802852406,0.0
30.863729548680922,75.8588180452997,0.0
30.863733227534215,75.85881806207534,0.0
30.863736906387512,75.85881807885099,0.0
30.86374058524081,75.85881809562663,0.0
30.863744264094105,75.85881811240228,0.0
30.8637479429474,75.85881812917792,0.0
30.863751621800695,75.85881814595356,0.0
30.86375530065399,75.85881816272921,0.0
30.863758979507285,75.85881817950485,0.0
30.86376265836058,75.8588181962805,0.0
30.863766337213878,75.85881821305614,0.0
30.863770016067175,75.85881822983178,0.0
30.863773694920468,75.85881824660743,0.0
30.863777373773765,75.85881826338306,0.0
30.86378105262706,75.8588182801587,0.0
30.863784731480358,75.85881829693434,0.0
30.86378841033365,75.85881831370999,0.0
30.863792089186948,75.85881833048563,0.0
30.863795768040244,75.85881834726128,0.0
30.863799446893537,75.85881836403692,0.0
30.863803125746834,75.85881838081256,0.0
30.86380680460013,75.85881839758821,0.0
30.863810483453427,75.85881841436385,0.0
30.86381416230672,75.8588184311395,0.0
30.863817841160017,75.85881844791514,0.0
30.86382151928209,75.85881851055744,0.0
30.863825144842327,75.85881932176446,0.0
30.863828579127407,75.85882114062044,0.0
30.86383168554497,75.85882388539918,0.0
30.863834341215885,75.85882744496713,0.0
30.863836440779817,75.85883167783066,0.0
30.86383790091375,75.85883641584965,0.0
30.8638386636222,75.85884147088233,0.0
30.863838698529023,75.85884664221831,0.0
30.86383800408056,75.85885172450756,0.0
30.863836603508208,75.85885651282841,0.0
30.86383455361293,75.85886081379877,0.0
30.863831940227428,75.8588644586126,0.0
30.863828867245292,75.85886730270026,0.0
30.863825456744458,75.85886923322636,0.0
30.863821844162377,75.85887017354416,0.0
30.863818167271283,75.8588702640173,0.0
30.86381448841799,75.85887024724165,0.0
30.863810809564693,75.85887023046601,0.0
30.863807130711397,75.85887021369037,0.0
30.863803451858104,75.85887019691472,0.0
30.863799773004807,75.85887018013908,0.0
30.86379609415151,75.85887016336343,0.0
30.863792415298214,75.85887014658779,0.0
30.86378873644492,75.85887012981215,0.0
30.863785057591624,75.8588701130365,0.0
30.863781378738327,75.85887009626086,0.0
30.863777699885034,75.85887007948521,0.0
30.863774021031738,75.85887006270957,0.0
30.86377034217844,75.85887004593393,0.0
30.863766663325144,75.85887002915828,0.0
30.86376298447185,75.85887001238264,0.0
30.863759305618554,75.858869995607,0.0
30.863755626765258,75.85886997883135,0.0
30.863751947911965,75.8588699620557,0.0
30.863748269058668,75.85886994528006,0.0
30.86374459020537,75.85886992850442,0.0
30.863740911352075,75.85886991172877,0.0
30.86373723249878,75.85886989495313,0.0
30.863733553645485,75.85886987817749,0.0
30.863729874792188,75.85886986140184,0.0
30.86372619593889,75.8588698446262,0.0
30.8637225170856,75.85886982785055,0.0
30.863718838232302,75.85886981107491,0.0
30.863715159379005,75.85886979429927,0.0
30.863711480525712,75.85886977752362,0.0
30.863707801672415,75.85886976074798,0.0
30.86370412281912,75.85886974397233,0.0
30.863700443965822,75.85886972719669,0.0
30.86369676511253,75.85886971042106,0.0
30.863693086259232,75.85886969364542,0.0
30.863689407405936,75.85886967686977,0.0
30.863685728552642,75.85886966009413,0.0
30.863682049699346,75.85886964331849,0.0
30.86367837084605,75.85886962654284,0.0
30.863674691992752,75.8588696097672,0.0
30.86367101313946,75.85886959299155,0.0
30.863667334286163,75.85886957621591,0.0
30.863663655432866,75.85886955944027,0.0
30.863659976579573,75.85886954266462,0.0
30.863656297726276,75.85886952588898,0.0
30.86365261887298,75.85886950911333,0.0
30.863648940019683,75.85886949233769,0.0
30.86364526116639,75.85886947556205,0.0
30.863641582313093,75.8588694587864,0.0
30.863637903459797,75.85886944201076,0.0
30.8636342246065,75.85886942523511,0.0
30.863630545753207,75.85886940845947,0.0
30.86362686689991,75.85886939168383,0.0
30.863623188046613,75.85886937490818,0.0
30.86361950919332,75.85886935813254,0.0
30.863615830340024,75.8588693413569,0.0
30.863612151486727,75.85886932458125,0.0
30.86360847263343,75.8588693078056,0.0
30.863604793780137,75.85886929102996,0.0
30.86360111492684,75.85886927425432,0.0
30.863597436073544,75.85886925747867,0.0
30.86359375722025,75.85886924070303,0.0
30.863590078366954,75.85886922392739,0.0
30.863586399513657,75.85886920715174,0.0
30.86358272066036,75.8588691903761,0.0
30.863579041807068,75.85886917360045,0.0
30.86357536295377,75.85886915682481,0.0
30.863571684100474,75.85886914004918,0.0
30.863568025053475,75.85886961193344,0.0
30.863564504385813,75.85887110102603,0.0
30.86356126179108,75.858873543014,0.0
30.8635584259443,75.85887684069556,0.0
30.863556109388274,75.8588808630001,0.0
30.8635544040895,75.85888545017079,0.0
30.86355337780556,75.85889042007734,0.0
30.863553071406727,75.85889557541087,0.0
30.863553497257247,75.85890071147763,0.0
30.863554646276057,75.85890561962223,0.0
30.863556465063947,75.85891010472261,0.0
30.86355888040494,75.85891398908264,0.0
30.86356179628373,75.85891711857958,0.0
30.86356509687382,75.85891936900494,0.0
30.86356865111494,75.85892065096947,0.0
30.863572318191757,75.85892095755571,0.0
30.863575997045054,75.85892097433135,0.0
30.86357967589835,75.858920991107,0.0
30.863583354751643,75.85892100788264,0.0
30.86358703360494,75.85892102465829,0.0
30.863590712458237,75.85892104143393,0.0
30.86359439131153,75.85892105820957,0.0
30.863598070164826,75.85892107498522,0.0
30.863601749018123,75.85892109176086,0.0
30.86360542787142,75.8589211085365,0.0
30.863609106724713,75.85892112531215,0.0
30.86361278557801,75.8589211420878,0.0
30.863616464431306,75.85892115886344,0.0
30.8636201432846,75.85892117563908,0.0
30.863623822137896,75.85892119241473,0.0
30.863627500991193,75.85892120919037,0.0
30.86363117984449,75.85892122596601,0.0
30.863634858697782,75.85892124274166,0.0
30.86363853755108,75.8589212595173,0.0
30.863642216404376,75.85892127629295,0.0
30.863645895257672,75.85892129306859,0.0
30.863649574110966,75.85892130984423,0.0
30.863653252964262,75.85892132661988,0.0
30.86365693181756,75.85892134339552,0.0
30.863660610670852,75.85892136017117,0.0
30.86366428952415,75.85892137694681,0.0
30.863667968377445,75.85892139372245,0.0
30.863671647230742,75.8589214104981,0.0
30.863675326084035,75.85892142727374,0.0
30.86367900493733,75.85892144404939,0.0
30.86368268379063,75.85892146082503,0.0
30.86368636264392,75.85892147760067,0.0
30.863690041497218,75.8589214943763,0.0
30.863693720350515,75.85892151115195,0.0
30.86369739920381,75.85892152792759,0.0
30.863701078057105,75.85892154470324,0.0
30.8637047569104,75.85892156147888,0.0
30.863708435763698,75.85892157825452,0.0
30.86371211461699,75.85892159503017,0.0
30.863715793470288,75.85892161180581,0.0
30.863719472323584,75.85892162858146,0.0
30.86372315117688,75.8589216453571,0.0
30.863726830030174,75.85892166213274,0.0
30.86373050888347,75.85892167890839,0.0
30.863734187736767,75.85892169568403,0.0
30.863737866590064,75.85892171245968,0.0
30.863741545443357,75.85892172923532,0.0
30.863745224296654,75.85892174601096,0.0
30.86374890314995,75.85892176278661,0.0
30.863752582003244,75.85892177956225,0.0
30.86375626085654,75.8589217963379,0.0
30.863759939709837,75.85892181311354,0.0
30.863763618563134,75.85892182988918,0.0
30.863767297416427,75.85892184666483,0.0
30.863770976269723,75.85892186344047,0.0
30.86377465512302,75.85892188021612,0.0
30.863778333976313,75.85892189699176,0.0
30.86378201282961,75.8589219137674,0.0
30.863785691682907,75.85892193054305,0.0
30.863789370536203,75.85892194731869,0.0
30.863793049389496,75.85892196409434,0.0
30.863796728242793,75.85892198086998,0.0
30.86380040709609,75.85892199764562,0.0
30.863804085949386,75.85892201442127,0.0
30.86380776480268,75.85892203119691,0.0
30.863811443655976,75.85892204797256,0.0
30.863815122509273,75.8589220647482,0.0
30.863818801362566,75.85892208152383,0.0
30.863822471937468,75.85892233132387,0.0
30.863826038789565,75.85892354723144,0.0
30.863829360716238,75.85892573617298,0.0
30.86383230587028,75.8589288110269,0.0
30.863834757345472,75.85893264960002,0.0
30.863836617793826,75.8589370994583,0.0
30.863837813271637,75.85894198394949,0.0
30.86383829616314,75.85894710918059,0.0
30.86383804433868,75.85895227104164,0.0
30.863837064488884,75.85895726060737,0.0
30.863835402071388,75.85896187958804,0.0
30.863833123262232,75.85896594468015,0.0
30.86383031863576,75.8589692945488,0.0
30.863827099583304,75.85897179619865,0.0
30.86382359391161,75.85897335022744,0.0
30.863819940794137,75.8589738947554,0.0
30.863816261985722,75.8589738845593,0.0
30.863812583132425,75.85897386778366,0.0
30.86380890427913,75.85897385100802,0.0
30.863805225425835,75.85897383423237,0.0
30.86380154657254,75.85897381745673,0.0
30.863797867719242,75.85897380068108,0.0
30.863794188865946,75.85897378390544,0.0
30.863790510012652,75.8589737671298,0.0
30.863786831159356,75.85897375035415,0.0
30.86378315230606,75.85897373357851,0.0
30.863779473452762,75.85897371680286,0.0
30.86377579459947,75.85897370002722,0.0
30.863772115746173,75.85897368325158,0.0
30.863768436892876,75.85897366647593,0.0
30.863764758039583,75.85897364970029,0.0
30.863761079186286,75.85897363292464,0.0
30.86375740033299,75.858973616149,0.0
30.863753721479693,75.85897359937336,0.0
30.8637500426264,75.85897358259771,0.0
30.863746363773103,75.85897356582207,0.0
30.863742684919806,75.85897354904642,0.0
30.863739006066513,75.85897353227078,0.0
30.863735327213217,75.85897351549514,0.0
30.86373164835992,75.85897349871951,0.0
30.863727969506623,75.85897348194386,0.0
30.86372429065333,75.85897346516822,0.0
30.863720611800034,75.85897344839258,0.0
30.863716932946737,75.85897343161693,0.0
30.863713254093444,75.85897341484129,0.0
30.863709575240147,75.85897339806564,0.0
30.86370589638685,75.85897338129,0.0
30.863702217533554,75.85897336451436,0.0
30.86369853868026,75.85897334773871,0.0
30.863694859826964,75.85897333096307,0.0
30.863691180973667,75.85897331418742,0.0
30.86368750212037,75.85897329741178,0.0
30.863683823267078,75.85897328063614,0.0
30.86368014441378,75.85897326386049,0.0
30.863676465560484,75.85897324708485,0.0
30.86367278670719,75.8589732303092,0.0
30.863669107853895,75.85897321353356,0.0
30.863665429000598,75.85897319675792,0.0
30.8636617501473,75.85897317998227,0.0
30.863658071294008,75.85897316320663,0.0
30.86365439244071,75.85897314643098,0.0
30.863650713587415,75.85897312965534,0.0
30.86364703473412,75.8589731128797,0.0
30.863643355880825,75.85897309610405,0.0
30.86363967702753,75.85897307932841,0.0
30.86363599817423,75.85897306255276,0.0
30.86363231932094,75.85897304577712,0.0
30.863628640467642,75.85897302900148,0.0
30.863624961614345,75.85897301222583,0.0
30.863621282761052,75.85897299545019,0.0
30.863617603907755,75.85897297867454,0.0
30.86361392505446,75.8589729618989,0.0
30.863610246201162,75.85897294512326,0.0
30.86360656734787,75.85897292834763,0.0
30.863602888494572,75.85897291157198,0.0
30.863599209641276,75.85897289479634,0.0
30.86359553078798,75.8589728780207,0.0
30.863591851934686,75.85897286124505,0.0
30.86358817308139,75.8589728444694,0.0
30.863584494228093,75.85897282769376,0.0
30.8635808153748,75.85897281091812,0.0
30.863577136521503,75.85897279414247,0.0
30.863573457668206,75.85897277736683,0.0
30.863569779765285,75.85897283366042,0.0
30.863566158212468,75.85897370684786,0.0
30.863562729789336,75.8589755739376,0.0
30.863559630594356,75.85897836062252,0.0
30.863556983672233,75.85898195618434,0.0
30.863554894153445,75.85898621786991,0.0
30.863553445099953,75.85899097653032,0.0
30.86355269422057,75.85899604330085,0.0
30.863552677920666,75.85900121622792,0.0
30.863553393247862,75.85900628625383,0.0
30.863554808880462,75.85901105173677,0.0
30.86355686846426,75.85901532352209,0.0
30.86355949015078,75.85901893203416,0.0
30.863562569833082,75.85902173397419,0.0
30.863565985258898,75.85902361798186,0.0
30.8635696008592,75.85902450903832,0.0
30.863573278394306,75.85902459116441,0.0
30.863576957247602,75.85902460794006,0.0
30.8635806361009,75.8590246247157,0.0
30.863584314954196,75.85902464149135,0.0
30.86358799380749,75.85902465826699,0.0
30.863591672660785,75.85902467504263,0.0
30.863595351514082,75.85902469181828,0.0
30.86359903036738,75.85902470859392,0.0
30.86360270922067,75.85902472536955,0.0
30.86360638807397,75.8590247421452,0.0
30.863610066927265,75.85902475892084,0.0
30.863613745780558,75.85902477569648,0.0
30.863617424633855,75.85902479247213,0.0
30.86362110348715,75.85902480924777,0.0
30.863624782340448,75.85902482602341,0.0
30.86362846119374,75.85902484279906,0.0
30.863632140047038,75.8590248595747,0.0
30.863635818900335,75.85902487635035,0.0
30.863639497753628,75.85902489312599,0.0
30.863643176606924,75.85902490990163,0.0
30.86364685546022,75.85902492667728,0.0
30.863650534313518,75.85902494345292,0.0
30.86365421316681,75.85902496022857,0.0
30.863657892020107,75.85902497700421,0.0
30.863661570873404,75.85902499377985,0.0
30.8636652497267,75.8590250105555,0.0
30.863668928579994,75.85902502733114,0.0
30.86367260743329,75.85902504410679,0.0
30.863676286286587,75.85902506088243,0.0
30.86367996513988,75.85902507765807,0.0
30.863683643993177,75.85902509443372,0.0
30.863687322846474,75.85902511120936,0.0
30.86369100169977,75.859025127985,0.0
30.863694680553063,75.85902514476065,0.0
30.86369835940636,75.8590251615363,0.0
30.863702038259657,75.85902517831194,0.0
30.86370571711295,75.85902519508758,0.0
30.863709395966247,75.85902521186323,0.0
30.863713074819543,75.85902522863887,0.0
30.86371675367284,75.85902524541451,0.0
30.863720432526133,75.85902526219016,0.0
30.86372411137943,75.8590252789658,0.0
30.863727790232726,75.85902529574145,0.0
30.86373146908602,75.85902531251708,0.0
30.863735147939316,75.85902532929272,0.0
30.863738826792613,75.85902534606836,0.0
30.86374250564591,75.85902536284401,0.0
30.863746184499202,75.85902537961965,0.0
30.8637498633525,75.8590253963953,0.0
30.863753542205796,75.85902541317094,0.0
30.863757221059092,75.85902542994658,0.0
30.863760899912386,75.85902544672223,0.0
30.863764578765682,75.85902546349787,0.0
30.86376825761898,75.85902548027352,0.0
30.863771936472272,75.85902549704916,0.0
30.86377561532557,75.8590255138248,0.0
30.863779294178865,75.85902553060045,0.0
30.863782973032162,75.85902554737609,0.0
30.863786651885455,75.85902556415174,0.0
30.863790330738752,75.85902558092738,0.0
30.86379400959205,75.85902559770302,0.0
30.86379768844534,75.85902561447867,0.0
30.863801367298638,75.85902563125431,0.0
30.863805046151935,75.85902564802996,0.0
30.86380872500523,75.8590256648056,0.0
30.863812403858525,75.85902568158124,0.0
30.86381608271182,75.85902569835689,0.0
30.86381976141922,75.85902572428421,0.0
30.86382340794929,75.859026317389,0.0
30.863826895786783,75.8590279179398,0.0
30.86383008645804,75.85903046225111,0.0
30.863832853268526,75.85903384926473,0.0
30.86383508630811,75.85903794454323,0.0
30.863836696794813,75.85904258557929,0.0
30.863837619709226,75.85904758840766,0.0
30.86383781077152,75.85905275340424,0.0
30.863837270364268,75.85905787150854,0.0
30.86383602014213,75.85906273952284,0.0
30.86383410986514,75.85906716419456,0.0
30.86383161542885,75.85907096984945,0.0
30.863828635864493,75.85907400533127,0.0
30.863825289427187,75.85907614997481,0.0
30.86382170892602,75.85907731837766,0.0
30.863818035553454,75.85907752187696,0.0
30.863814356700157,75.85907750510131,0.0
30.86381067784686,75.85907748832567,0.0
30.863806998993564,75.85907747155002,0.0
30.86380332014027,75.85907745477438,0.0
30.863799641286974,75.85907743799874,0.0
30.863795962433677,75.85907742122309,0.0
30.863792283580384,75.85907740444745,0.0
30.863788604727088,75.8590773876718,0.0
30.86378492587379,75.85907737089616,0.0
30.863781247020494,75.85907735412052,0.0
30.8637775681672,75.85907733734487,0.0
30.863773889313904,75.85907732056923,0.0
30.863770210460608,75.85907730379358,0.0
30.863766531607315,75.85907728701795,0.0
30.863762852754018,75.85907727024231,0.0
30.86375917390072,75.85907725346667,0.0
30.863755495047425,75.85907723669102,0.0
30.86375181619413,75.85907721991538,0.0
30.863748137340835,75.85907720313973,0.0
30.86374445848754,75.85907718636409,0.0
30.86374077963424,75.85907716958845,0.0
30.86373710078095,75.8590771528128,0.0
30.863733421927652,75.85907713603716,0.0
30.863729743074355,75.85907711926151,0.0
30.863726064221062,75.85907710248587,0.0
30.863722385367765,75.85907708571023,0.0
30.86371870651447,75.85907706893458,0.0
30.863715027661172,75.85907705215894,0.0
30.86371134880788,75.8590770353833,0.0
30.863707669954582,75.85907701860765,0.0
30.863703991101286,75.859077001832,0.0
30.863700312247992,75.85907698505636,0.0
30.863696633394696,75.85907696828072,0.0
30.8636929545414,75.85907695150507,0.0
30.863689275688102,75.85907693472943,0.0
30.86368559683481,75.85907691795379,0.0
30.863681917981513,75.85907690117814,0.0
30.863678239128216,75.8590768844025,0.0
30.863674560274923,75.85907686762685,0.0
30.863670881421626,75.85907685085121,0.0
30.86366720256833,75.85907683407557,0.0
30.863663523715033,75.85907681729992,0.0
30.86365984486174,75.85907680052428,0.0
30.863656166008443,75.85907678374863,0.0
30.863652487155147,75.85907676697299,0.0
30.86364880830185,75.85907675019735,0.0
30.863645129448557,75.8590767334217,0.0
30.86364145059526,75.85907671664607,0.0
30.863637771741963,75.85907669987043,0.0
30.86363409288867,75.85907668309478,0.0
30.863630414035374,75.85907666631914,0.0
30.863626735182077,75.8590766495435,0.0
30.86362305632878,75.85907663276785,0.0
30.863619377475487,75.85907661599221,0.0
30.86361569862219,75.85907659921656,0.0
30.863612019768894,75.85907658244092,0.0
30.8636083409156,75.85907656566528,0.0
30.863604662062304,75.85907654888963,0.0
30.863600983209007,75.85907653211399,0.0
30.86359730435571,75.85907651533834,0.0
30.863593625502418,75.8590764985627,0.0
30.86358994664912,75.85907648178706,0.0
30.863586267795824,75.85907646501141,0.0
30.86358258894253,75.85907644823577,0.0
30.863578910089235,75.85907643146012,0.0
30.863575231235938,75.85907641468448,0.0
30.86357155238264,75.85907639790884,0.0
